Compound,SMILES,mz,BW_CCS,N2SV1500,N2SV2000,N2SV2500,N2SV3000,N2SV3250,N2SV3500,N2SV3750,N2SV4000,MeOHSV1500,MeOHSV2000,MeOHSV2500,MeOHSV3000,MeOHSV3250,MeOHSV3500,MeOHSV3750,MeOHSVSV4000,LogP_pred,LogP_predRange,b3_N2,b5_N2,b7_N2,b3_MeOH,b5_MeOH,b7_MeOH
Fenbuconazole,Clc1ccc(CCC(Cn2cncn2)(C#N)c3ccccc3)cc1,337.12,178.78,2.69,3.7,3.79,4.71,5.87,6.53,7.19,8.76,-0.74,-1.35,-2.24,-3.13,-3.38,-3.59,-3.8,-3.96,3.23,[3.2:3.23],208.2759347,-515.236884,406.180458,-80.88600981,134.5977699,-70.55266729
Tebuthiuron,CNC(=O)N(C)c1sc(nn1)C(C)(C)C,229.11,142.99,2.46,3.47,3.55,4.64,5.98,6.77,7.57,9.51,-2.34,-4.18,-7.71,-11.24,-12.79,-13.93,-14.54,-14.51,1.79,[1.73:1.79],189.9980888,-457.6901159,368.7275326,-227.9513909,229.4223424,-22.82175686
CRG1d,COc1ccc(NC(=O)C=C)cc1,178.1,135.22,0.7,1.1,2.1,3.8,4.61,6,8.79,13.8,-3.6,-8.5,-14.9,-21.6,-24.06,-25.6,-26.12,-25.5,1.37,[0.85:1.89],93.47000924,-251.6980164,311.4369315,-451.7931358,487.9330936,-56.77470871
L-Glycine,NCC(O)=O,76,116.62,-0.32,-3.08,-7.78,-13.64,-16.65,-19.66,-22.66,-25.65,-7.8,-14,-26.8,-44,-56.00566547,-69.3681735,-84.70666716,-102.0310441,-3.21,[-3.21:-3.06],-114.3270635,-247.8796054,310.3820384,-654.7363859,340.0149023,-250.0285521
Fluquinconazole,Fc1ccc2N=C(n3cncn3)N(C(=O)c2c1)c4ccc(Cl)cc4Cl,376.02,173.6,1.76,2.35,2.36,3.03,3.86,4.25,4.65,5.79,0.75,1.33,2.39,3.45,4.47,5.32,6.77,8.26,3.24,[3.15:3.33],131.9787487,-325.1149733,257.7028719,72.27353332,-103.9693455,90.0341186
CRG1g,COc1cccc(NC(=O)C=C)c1,178.1,133.98,0.7,1.1,2.2,3.9,4.91,6.5,9.27,13.8,-3.1,-7.4,-14,-23.3,-28.86,-34.6,-40.07,-44.8,1.38,[0.86:1.9],81.79606187,-188.8401526,246.8063502,-302.9004765,-61.75719234,218.305312
C1b,FC(F)(F)Oc1ccc(CNC(=O)C2=CN(Cc3ccccc3)C(=O)C=C2)cc1,403.13,184.98,0.6,1.1,1.8,2,2.23,2.7,3.5,4.7,-1.9,-4.5,-7.8,-11.6,-13.8,-16,-18.8,-21.7,2.82,[1.41:4],78.87084531,-205.0291289,181.8395768,-234.8342271,294.1155991,-175.7705945
B2b,CCOC(=O)Nc1ccc(cc1)C(=O)N2CCCCC2,277.16,169.03,0.9,1.5,2.4,3.4,4.04,4.9,6.11,7.8,-0.5,-1.4,-3,-5.1,-6.5,-8.3,-10.4,-12.6,2.72,[2.49:2.95],91.21777734,-184.8451869,161.2808489,-56.76702472,-22.88630815,12.77088705
6-NO2-MQOH,Cc1ccc2cc(cc(O)c2n1)[N+]([O-])=O,205.06,139.37,0.2,-0.1,-0.3,-1.2,-1.29,-1,-0.39,0.5,-3,-6.3,-11.4,-18.5,-22.6,-26.7,-30.5,-33.8,1.89,[1.42:2.38],12.39750402,-123.1780976,155.2138178,-279.4456731,84.70368165,80.59504648
6-CN-MQOH,Cc1ccc2cc(cc(O)c2n1)C#N,185.07,132.72,0.1,0,-0.8,-1.3,-1.23,-0.9,-0.27,0.7,-3,-6.7,-12.3,-20.1,-24.4,-28.7,-32.4,-35.6,2.06,[1.28:2.84],-2.898379244,-73.47895643,117.5815925,-292.9440568,47.19818571,141.9323118
Malic Acid,OC(CC(O)=O)C(O)=O,135.1,120.22,0.4,-1.54,-3.94,-5.5,-6.28,-7.09,-7.28,-7.42,-5.95,-11.2,-22.3,-36,-44,-52.10592441,-58.86125913,-63.04462708,-1.26,[-1.35:-1.17],-70.6141938,-36.85029403,115.917142,-486.4631863,-91.5228451,431.5056572
C4b,NC(=N)c1ccc(CNC(=O)C2=CN(Cc3cccc(c3)C(F)(F)F)C(=O)C=C2)cc1,429.15,198.58,0.6,1,1.7,2.4,2.7,3.1,3.75,4.8,-1,-2.4,-4.2,-6.1,-7.3,-8.1,-10.2,-12.1,1.94,[0.87:2.69],66.86332496,-139.6304874,114.022969,-136.6112296,216.532585,-160.8141481
C1a,FC(F)(F)Oc1ccc(CNC(=O)C2=CC=CN(Cc3ccccc3)C2=O)cc1,403.13,189.09,0.3,0.8,1.2,1.3,1.74,2.5,3.48,4.6,-2.3,-4.9,-8.4,-12,-13.7,-14.8,-15.6,-16.1,2.79,[1.37:4],43.8828809,-107.5448155,113.5262103,-265.4047935,333.4093743,-111.3344646
Norsertraline HCL,N[C@H]1CC[C@@H](c2ccc(Cl)c(Cl)c2)c3ccccc13,292.06,162.64,0.37,1.14,2.24,3.37,3.98,5.15,6.72,8.73,-1.15,-2.4,-5,-7.9,-9.4,-11,-12.5,-13.8,5.17,[4.58:5.76],65.9411947,-105.7517807,109.4672235,-118.3367875,35.97567723,39.87425074
A3b,S=C(N/N=C/c1ccccn1)Nc2ccncc2,258.1,162.11,1,1.7,2.9,4.4,5.32,6.4,7.68,9.2,-0.5,-1.1,-1.9,-2.8,-3.5,-4.1,-4.6,-5.2,1.4,[0.78:2.1],92.00531859,-129.3720981,96.31881483,-52.6932777,47.72961834,-17.18919294
Sarcosine,CNCC(O)=O,89.8,116.51,-0.83,-2.97,-6.05,-9.43,-11.04,-12.47,-13.64,-14.51,-7.6,-13.9,-26.5,-41.5,-49.21669014,-56.81981791,-63.36415002,-67.94337797,-2.78,[-2.78:-2.69],-139.6315533,23.72473917,92.81146999,-683.0793042,358.4511547,137.8278659
Imidacloprid,[O-][N+](=O)NC1=NCCN1Cc2ccc(Cl)nc2,256.06,150.1,0.46,0.83,1.06,1.48,1.98,2.83,3.54,4.78,-1.87,-3.39,-5.32,-7.25,-7.95,-8.68,-9.49,-10.43,1.13,[0.25:2.01],41.02784148,-87.66727094,92.59511606,-202.7084081,375.4024195,-236.152148
5-NO2-MQOH,Cc1ccc2c(ccc(O)c2n1)[N+]([O-])=O,205.06,137.66,0.2,-0.1,0,-0.4,-0.34,0,0.59,1.4,-2.7,-5.9,-10.7,-17.5,-21.5,-25.2,-28.6,-31.5,1.67,[1.42:1.92],8.246298158,-65.50672006,91.15245477,-255.2734601,39.71664907,120.486189
B3b,CN(Cc1ccccc1)C(=O)c2cccc(NC(=O)c3occc3)c2,335.1,184.49,0.8,1.5,2.5,4,4.83,5.8,7.04,8.7,0.5,1,1.8,3,3.7,4.5,5.3,6.8,3.08,[2.51:3.65],80.2385048,-112.8242082,90.67230611,53.23341176,-61.18085568,51.02140242
Alanine,C[C@H](N)C(O)=O,90.1,118.36,-0.79,-2.97,-6.08,-9.42,-11.06,-12.46,-13.62,-14.55,-7.65,-13.9,-26.4,-41.3,-52.16017791,-63.70669103,-76.77640082,-91.40572578,-2.905,[-2.93:-2.77],-140.5519844,27.63151398,88.85051709,-683.2369222,526.2777355,-344.8800797
Promecarb,CNC(=O)Oc1cc(C)cc(c1)C(C)C,208.13,148.8,0.34,0.81,1.43,2.57,3.42,4.43,6.2,8.42,-2.93,-5.03,-8.42,-11.82,-13.5,-15.55,-17.54,-19.63,3.1,[3.07:3.1],40.40858077,-56.21786862,87.0915002,-288.2978304,461.7087271,-285.0369623
C5b,O=C(NC(Cc1ccccc1)c2ccncc2)C3=CN(Cc4ccccc4)C(=O)C=C3,410.19,216.66,0.9,1.1,1.9,3,3.71,4.6,5.71,7.1,-0.6,-1.5,-3,-5.1,-6.4,-8,-9.6,-11.3,2.82,[2.4:3.34],63.08598451,-96.58371993,85.56500398,-60.65415954,-20.33897904,30.62908096
Bendroflumethiazide,N[S](=O)(=O)c1cc2c(NC(Cc3ccccc3)N[S]2(=O)=O)cc1C(F)(F)F,421.8,187.58,0.97,1.67,2.71,4.3,5.38,6.63,8.2,9.92,0.45,0.3,-0.3,-1,-1.9,-2.2,-2.9,-2.3,1.54,[1.5:1.58],82.44430503,-102.6728975,85.5439714,50.02275897,-253.6887905,233.3253421
CRG2b,C=CC(=O)NCc1ccccc1,162.1,131.8,0.5,1,1.7,3.2,3.77,4.4,5.48,7.4,-3.6,-8.3,-14.9,-22.9,-27.64,-32.9,-38.61,-44.7,1.11,[0.98:1.24],58.95746058,-89.59611531,85.43057398,-410.9685389,388.8543327,-200.8129676
C3a,FC(F)(F)c1ccc(nc1)N2CC(C2)NC(=O)C3=CN(Cc4ccccc4)C=CC3=O,429.15,206.32,0.4,0.9,1.7,2.6,3.31,4.3,5.64,7.4,-0.2,0,-2.7,-3.4,-3.5,-3.6,-3.5,-2.6,2.16,[1.31:3.01],49.2009742,-74.45231553,84.79139349,-32.82506948,-70.62855431,138.334321
A3a,S=C(N\N=C\c1ccccn1)Nc2ccccn2,258.1,155.42,1,1.5,2.5,4,4.84,5.8,6.96,8.4,0,-0.4,-2.1,-3.6,-4.4,-5.2,-6.3,-6.5,1.91,[1:2.82],81.05701316,-110.6084252,83.08918185,-9.487945613,-147.3095091,158.2841177
A2b,[O-][N+](=O)c1ccc(NC(=O)Nc2ccncc2)cc1,259.1,166.65,1,1.3,2.3,3.7,4.64,5.8,7.21,8.9,-1.9,-4.9,-8,-10.2,-10.3,-10.4,-9.9,-9.3,2.89,[2.37:3.41],70.1776912,-89.98754825,81.14478882,-299.3941422,548.3591317,-275.0997066
Norbuprenorphine,CO[C@]12CC[C@@]3(C[C@@H]1[C@](C)(O)C(C)(C)C)[C@H]4Cc5ccc(O)c6O[C@@H]2[C@]3(CCN4)c56,414.3,193.22,0.77,1.48,2.48,3.79,4.66,5.77,7,8.47,0.55,0.6,-0.1,-1.2,-1.7,-2.7,-2.6,-3.1,3.81,[3.25:4.37],75.05253121,-97.73770463,77.82634075,56.44732174,-265.9713591,231.8078037
C2b,CCCCN1CCC(CC1)CNC(=O)C2=CNC(=O)C(=C2)Cl,326.16,172.79,0.3,0.4,0.4,0.4,0.81,1.5,2.37,3.3,-0.8,-2.2,-4.3,-6.7,-7.9,-8.9,-9.7,-10.3,2.12,[0.92:3.09],17.11491913,-53.25735772,76.7638042,-104.7071218,34.53435114,51.85224573
B4b,O=C(N1CCCC1)c2cccc(N[S](=O)(=O)c3ccc4ccccc4c3)c2,381.1,183.77,0.9,1.7,2.8,4.4,5.38,6.5,7.8,9.3,0,0,0.3,1.1,1.6,2.5,3.4,4.3,2.67,[1.58:3.76],85.10551385,-103.3153728,74.34844379,-15.79661536,97.89255416,-61.28519854
5-CN-MQOH,Cc1ccc2c(ccc(O)c2n1)C#N,185.07,132.21,0.1,0.1,-0.2,-0.3,-0.14,0.2,0.77,1.6,-3,-6.5,-12.1,-19.6,-23.5,-27.3,-30.8,-33.2,2.26,[1.77:2.75],3.733994677,-43.70752122,71.401029,-291.9266782,63.16629143,142.1768465
A5b,Cc1onc(c1NC(=O)Nc2ccncc2)c3c(Cl)cccc3Cl,364,180.88,0.8,1.3,2.2,3.4,4.1,4.9,5.85,7,0,-0.3,-0.9,-1.5,-1.8,-2.1,-2.5,-3,2.87,[1.74:3.91],70.49221171,-97.74881168,71.28784215,-15.40004618,-12.34916095,17.0656633
A1b,Cn1nccc1NC(=O)Nc2cccc(c2)[N+]([O-])=O,262.09,158.21,0.8,1.4,2.3,3.7,4.53,5.5,6.67,8.1,-0.6,-1.6,-3,-4.4,-4.9,-5.4,-5.6,-5.9,2.3,[1.14:3.46],71.48981156,-90.83928952,71.09058765,-87.24239124,90.54166876,-15.55917519
A1a,Cn1ccc(NC(=O)Nc2cccc(c2)[N+]([O-])=O)n1,262.09,160.24,0.7,1.2,2,3.3,4.08,5,6.17,7.7,0.3,0.5,0.8,1.5,2,2.8,3.8,7.5,2.61,[1.91:3.31],62.14780466,-80.56618589,70.79525443,53.67592994,-184.8364717,229.5725909
7-CN-MQOH,Cc1ccc2ccc(C#N)c(O)c2n1,185.07,130.92,0.2,0.1,-0.5,-0.4,-0.1,0.4,1.18,2.3,-2.7,-6,-11.5,-19.4,-23.4,-27.1,-30.4,-33,1.86,[1.74:1.99],-3.913977271,-26.13445617,69.32936229,-258.5870809,-43.33920617,229.4559846
Ethofumesate,CCOC1Oc2ccc(O[S](C)(=O)=O)cc2C1(C)C,287.1,169.63,0.45,0.99,1.92,3.46,4.42,5.4,7.15,9.4,-1.06,-1.91,-2.88,-3.86,-4.25,-4.62,-5.1,-5.8,2.7,[2.63:2.77],51.78753617,-52.45196836,68.97483338,-116.1519137,232.9530932,-158.5438487
B4a,O=C(N1CCCC1)c2ccccc2N[S](=O)(=O)c3ccc4ccccc4c3,381.1,191.67,0.8,1.3,2.2,3.5,4.4,5.5,6.8,8.3,-1,-2.7,-4.6,-6.3,-6.9,-7.4,-7.2,-6.9,2.71,[1.58:3.84],64.93328057,-76.96922698,66.95137284,-145.0785108,184.2219375,-43.51858922
Fuberidazole,[nH]1c2ccccc2nc1c3occc3,185.07,132.88,0.29,0.25,-0.02,0.32,0.99,1.9,3.12,4.76,-5.25,-9.42,-17.21,-25,-28.54,-32.12,-35.33,-36.29,2.67,[2.63:2.71],1.359160188,-12.80304679,65.96838633,-506.4000538,539.184502,-137.3432265
Lovastatin,CC[C@H](C)C(=O)O[C@H]1C[C@@H](C)C=C2C=C[C@H](C)[C@H](CC[C@@H]3C[C@@H](O)CC(=O)O3)[C@@H]12,405.2,186.93,0.58,1.75,3.21,4.73,5.96,7.44,9.09,10.99,1.25,1.6,2.1,2.1,1.8,1.9,1.5,1.2,4.26,[4.19:4.33],83.44250678,-82.43356845,65.95459284,111.2773097,-288.525877,199.2482527
A2a,[O-][N+](=O)c1ccc(NC(=O)Nc2ccccn2)cc1,259.1,163.23,0.7,1.3,2.3,3.8,4.75,5.9,7.32,9.1,-1.7,-4,-6.2,-7.3,-7.2,-7.3,-6.2,-4.8,2.67,[2.01:3.33],64.77101927,-67.6860479,62.13342018,-239.7901853,457.3243747,-219.2621847
Fenarimol,OC(c1ccc(Cl)cc1)(c2cncnc2)c3ccccc3Cl,331.04,174.42,0.42,0.92,1.69,2.58,3.08,3.83,4.59,5.8,-1.03,-1.95,-3.16,-4.37,-4.81,-5.39,-5.98,-6.88,3.6,[3.49:3.6],51.43013226,-73.31376263,61.67997233,-117.9750251,217.6954715,-144.5244427
Neburon,CCCCN(C)C(=O)Nc1ccc(Cl)c(Cl)c1,275.07,162.73,0.21,0.99,2.45,3.58,3.98,5.3,6.62,8.24,-1.96,-3.42,-6.23,-9.04,-10.88,-12.63,-14.38,-15.95,4.1,[4.08:4.1],59.45363331,-66.15654771,61.37186742,-181.8951073,202.8996567,-92.70375765
Pyridoxal,Cc1ncc(CO)c(C=O)c1O,168.1,127.49,0.4,-0.24,-0.82,-0.49,-0.13,0.37,1.63,3,-4.4,-8.2,-15.4,-23.9,-28.1,-31.6,-34.4,-34.7,-0.27,[-1.16:0.62],-17.03008975,5.301822903,58.57732041,-392.632827,159.0262058,190.1632761
C2a,CCCCN1CCC(CC1)CNC(=O)C2=CC(=CNC2=O)Cl,326.16,170.04,0.2,0.2,0.2,0.1,0.3,0.7,1.22,1.8,-4.6,-7.8,-11.1,-12.7,-13.7,-14.2,-14.3,-13.9,1.6,[0.27:2.93],11.14274949,-43.18943328,58.30889214,-477.6572667,1039.305412,-665.4480871
C5a,O=C(NC(Cc1ccccc1)c2ccncc2)C3=CC=CN(Cc4ccccc4)C3=O,410.19,215.77,0.7,1.3,2.2,3.7,4.62,5.7,7.03,8.7,-0.6,-1.5,-2.3,-2.5,-2.3,-1.6,-0.7,0.6,3.13,[2.47:3.79],63.21954573,-65.30513215,57.66427661,-96.23347561,193.2843757,-74.9130365
Propoxur,CNC(=O)Oc1ccccc1OC(C)C,210.11,140.64,0.67,0.78,0.84,1.9,3.01,4.01,5.44,7.35,-2.98,-5.91,-10.55,-15.2,-17.2,-19.65,-20.82,-21.11,1.52,[1.52:1.59],26.29971953,-22.64216733,57.13225159,-307.3983252,312.6012025,-52.67317973
Ketoconazole,CC(=O)N1CCN(CC1)c2ccc(OC[C@H]3CO[C@@](Cn4ccnc4)(O3)c5ccc(Cl)cc5Cl)cc2,531.1,211.66,0.8,1.2,1.99,3.37,4.2,5.2,6.48,7.89,1.45,2,2.8,3.9,4.6,5.5,6.7,8,4.35,[4.28:4.35],59.01112591,-63.60316662,55.51758116,115.7654166,-238.7238121,191.6181692
Thiamethoxam,CN1COCN(Cc2sc(Cl)nc2)\C1=N/[N+]([O-])=O,292.03,157.1,0.5,0.89,1.24,2.24,3.1,3.82,5.12,6.54,-1,-1.82,-3.27,-4.72,-5.6,-6.63,-7.76,-9.17,-0.12,[-0.37:0.13],37.82243311,-43.62611627,55.26293141,-103.416826,151.1125983,-103.7960346
Methiocarb,CNC(=O)Oc1cc(C)c(SC)c(C)c1,226.11,149.45,-0.15,0.22,1.11,2.02,2.35,2.88,4.09,5.97,-2.15,-3.51,-6.72,-9.93,-11.81,-13.92,-16.21,-18.71,2.92,[2.88:2.92],24.36582952,-29.08078953,53.65504345,-198.6100504,241.3082163,-142.0937706
C3b,FC(F)(F)c1ccc(nc1)N2CC(C2)NC(=O)C3=CN(Cc4ccccc4)C(=O)C=C3,429.15,201.18,0.4,0.6,1,1.7,2.37,3.3,4.48,5.9,-1.4,-3.7,-7.5,-12.9,-16.1,-19.2,-22.2,-24.9,1.43,[0.36:2.5],26.39949675,-30.27872385,52.56246373,-142.7328038,-123.0555009,196.3787803
Loperamide,CN(C)C(=O)C(CCN1CCC(O)(CC1)c2ccc(Cl)cc2)(c3ccccc3)c4ccccc4,477.2,221.8,0.76,1.37,2.3,3.76,4.79,5.86,7.17,8.72,1.55,2.1,3.2,4.5,5.3,6.3,7.5,8.9,5.09,[4.39:5.79],65.08456697,-63.26876641,51.50294609,123.9035594,-237.5835633,183.0268441
Thiacloprid,Clc1ccc(CN2CCSC2=NC#N)cn1,253.03,158.92,0.18,0.23,0.23,0.44,0.74,1.27,1.98,2.9,-1.91,-3.5,-8.23,-12.96,-16.56,-20.6,-25.19,-30.19,0.92,[0.32:1.72],9.334396504,-26.9378515,50.22341945,-172.7026921,22.37770606,-5.107925421
7-aminoclonazepam,Nc1ccc2NC(=O)CN=C(c3ccccc3Cl)c2c1,286.1,162.91,0.43,0.8,1.78,3.06,3.92,5.04,6.54,8.53,-1.9,-3.3,-5.7,-8.7,-1.2,-11.8,-13.6,-14.7,1.82,[1.23:2.41],42.30020725,-30.83620101,48.50540317,-204.2293877,481.1894492,-437.7307738
5-Cl-MQOH,Cc1ccc2c(Cl)ccc(O)c2n1,194.04,138.66,0.1,0.1,0.3,0.5,0.91,1.6,2.57,3.8,-3.2,-7.3,-13.5,-20.2,-23.1,-25.3,-26.6,-27.3,2.27,[1.71:2.83],4.527010592,-11.63997481,47.57740942,-379.4982231,318.9918942,19.30288947
C4a,NC(=N)c1ccc(CNC(=O)C2=CC=CN(Cc3cccc(c3)C(F)(F)F)C2=O)cc1,429.15,196.35,0.4,0.8,1.4,2.3,3,3.9,5.03,6.4,-1.2,-2.9,-4.5,-5.7,-5.8,-5.6,-5.1,-4.5,2.05,[1.2:2.69],37.20178805,-37.75757892,46.62880598,-175.4323946,328.1844123,-160.948682
B2a,CCOC(=O)Nc1ccccc1C(=O)N2CCCCC2,277.16,163.17,0.7,1.3,2.5,4.2,5.33,6.7,8.38,10.4,-1.2,-2.8,-4.8,-6.5,-6.8,-6.7,-6.1,-4.8,2.79,[2.48:3.1],62.3506582,-41.63869392,43.86855128,-158.3818704,210.0311366,-31.64551805
Taurocholic Acid,C[C@H](CCC(=O)NCC[S](O)(=O)=O)[C@H]1CC[C@H]2[C@@H]3[C@H](O)C[C@@H]4C[C@H](O)CC[C@]4(C)[C@H]3C[C@H](O)[C@]12C,516.3,195.22,0.85,1.82,3.42,5.76,7.34,9.24,11.55,14.18,0.65,0.5,-0.2,-1.1,-1.6,-1.7,-2.1,-2.2,1.53,[0.59:2.47],81.50764204,-39.15567813,42.11299606,42.70855718,-209.2499,188.2648365
L-Tyrosine,N[C@@H](Cc1ccc(O)cc1)C(O)=O,182.1,140.75,0.37,-0.6,-1.6,-1.8,-1.9,-1.8,-1.4,-0.9,-3.5,-6.8,-13.4,-21.5,-26.1,-30.8,-35.7,-34.6,-2.25,[-2.26:-2.09],-32.79492345,10.79149093,41.32390779,-252.5399217,-244.4193572,475.8964147
Nuarimol,OC(c1ccc(F)cc1)(c2cncnc2)c3ccccc3Cl,315.07,168.9,0.46,0.85,1.41,2.51,3.24,3.76,4.78,6.02,-1.15,-2.14,-3.47,-4.81,-5.45,-6.12,-6.99,-8.1,3.18,[3.16:3.2],41.86907532,-43.30817175,40.70207361,-127.4583847,231.6229651,-158.2885181
L-serine,N[C@@H](CO)C(O)=O,106.1,120.17,-1.03,-2.87,-5.42,-8.34,-9.79,-11.1,-12.19,-12.96,-6.7,-12.3,-23.7,-38.3,-46.5,-53.75551685,-59.9197468,-63.30875182,-3.07,[-3.14:-3],-136.8596213,67.98368613,40.48641584,-550.2145439,4.939463205,420.1934927
Terfenadine,CC(C)(C)c1ccc(cc1)C(O)CCCN2CCC(CC2)C(O)(c3ccccc3)c4ccccc4,472.3,231.07,0.75,1.53,2.77,4.49,5.59,6.84,8.35,9.99,1.45,2,2.8,4,4.9,6,7.3,8.7,5.23,[3.9:7.11],72.68460292,-56.2964838,39.89707748,108.7452655,-205.7166276,166.5328814
Guanosine,NC1=Nc2n(cnc2C(=O)N1)[C@@H]3O[C@H](CO)[C@@H](O)[C@H]3O,284.3,157.9,0.49,0.63,1.02,1.9,2.47,3.31,4.28,5.52,-1.5,-3.3,-7.2,-12,-14.8,-17.6,-20.5,-22.9,-1.9,[-1.9:-1.86],28.80027449,-27.5165031,39.68639551,-142.0732718,-78.1301936,152.4105161
Uridine,OC[C@H]1O[C@H]([C@H](O)[C@@H]1O)N2C=CC(=O)NC2=O,245.1,147.41,-0.6,0.5,1.2,0.6,1,2.1,2.8,3.5,-1.9,-3.9,-7,-11,-13.8,-16.2,-19.2,-20.3,-1.98,[-2:-1.96],15.46141571,-23.09952266,39.66288409,-160.5003881,11.21236489,87.35339465
B3a,CN(Cc1ccccc1)C(=O)c2ccccc2NC(=O)c3occc3,335.1,171.45,0.8,1.4,2.5,4.3,5.45,6.8,8.4,10.3,-0.4,-1.1,-2,-2.6,-2.5,-2.2,-1.4,-0.2,2.81,[2.36:3.26],64.55118161,-41.56694647,38.44828002,-63.75865133,72.92556734,22.03566634
Chlorthalidone,N[S](=O)(=O)c1cc(ccc1Cl)C2(O)NC(=O)c3ccccc23,338.9,173.39,0.49,1.07,1.95,3.11,3.81,4.76,5.77,7.01,0.1,-0.5,-1.4,-2.1,-3.8,-6.7,-7.5,-8.1,0.85,[0.83:0.87],52.3191081,-48.44003215,37.87916458,41.09719208,-292.3108119,242.8404118
Melatonin,COc1ccc2[nH]cc(CCNC(C)=O)c2c1,233.1,148.86,0.56,1.07,1.91,3.28,4.29,5.66,7.26,9.09,-1,-2.2,-3.4,-4.1,-4.8,-5.5,-7.1,-8.9,1.54,[0.9:2.18],44.98810863,-22.29661657,37.81261016,-138.2969715,321.2279535,-272.0999094
Urapidil,COc1ccccc1N2CCN(CCCNC3=CC(=O)N(C)C(=O)N3C)CC2,388.2,184.83,0.65,1.17,2.06,3.51,4.47,5.54,6.85,8.43,1.3,1.8,2.5,3.7,4.4,5.4,6.6,7.9,1.6,[1.6:1.65],54.46989089,-40.37247969,37.12595037,98.74318285,-188.0458187,152.8704869
7-NO2-MQOH,Cc1ccc2ccc(c(O)c2n1)[N+]([O-])=O,205.06,135.95,0,-0.3,-0.7,-0.65,-0.39,0.1,0.9,2.1,-3.2,-7.1,-11.8,-15.4,-16.7,-17.1,-16.9,-15.9,1.61,[1.25:2.05],-20.72452899,18.6414437,37.0880815,-412.337094,661.0639086,-279.6083685
Metribuzin,CSC1=NN=C(C(=O)N1N)C(C)(C)C,215.1,139.56,0.37,0.68,1.01,1.84,2.6,3.54,4.74,6.13,-2.5,-4.52,-8.32,-12.13,-14.07,-15.78,-17,-17.76,1.7,[1.68:1.72],24.70211164,-15.18257507,37.08175999,-242.640715,246.8834661,-52.60752237
Aminocarb,CNC(=O)Oc1ccc(N(C)C)c(C)c1,209.13,148.55,0.27,0.5,0.79,1.62,2.36,3.21,4.46,6.03,-3.18,-5.63,-9.31,-13,-14.26,-15.37,-16.3,-15.48,1.9,[1.86:1.94],17.52767377,-5.864559245,36.77866106,-310.7684021,433.8072028,-158.8016535
3-Hydroxycarbofuran,Cc1ccc2ccccc2n1,238.11,147.55,0.43,1.11,2,3.4,4.53,6.21,7.68,9.94,-2.62,-3.99,-6.96,-9.93,-11.5,-14.2,-13.22,-8.13,2.59,[2.58:2.6],43.59963657,-12.78610255,35.55563428,-127.7610372,-192.5851365,432.7088059
Perphenazine,OCCN1CCN(CCCN2c3ccccc3Sc4ccc(Cl)cc24)CC1,404.2,192,0.82,1.42,2.48,4.3,5.47,6.71,8.24,10.06,1.5,2.1,3.1,4.6,5.6,6.8,8,9.5,4.2,[2.95:4.13],65.30461964,-42.27478449,35.34568903,113.1394014,-190.7075316,144.5825905
Acibenzolar-S-methyl,CSC(=O)c1cccc2nnsc12,211,134.84,0.4,0.79,1.3,2.25,3,3.91,4.96,6.33,-0.89,-1.7,-3.21,-4.72,-5.55,-6.41,-7.63,-9.19,3.1,[3.03:3.17],33.40321064,-24.74941193,35.01593127,-101.7393442,151.9401224,-108.0371217
Triticonazole,CC1(C)CC\C(=C/c2ccc(Cl)cc2)C1(O)Cn3cncn3,318.14,175.74,0.44,0.92,1.66,2.87,3.64,4.42,5.65,7,-0.57,-1.1,-1.88,-2.65,-3.03,-3.42,-3.98,-4.74,3.29,[3.29:3.34],43.50087468,-33.41129106,34.03272199,-66.79223875,118.4987263,-83.90270496
Tricyclazole,Cc1cccc2sc3nncn3c12,190.04,130.04,0.2,0.21,0.08,0.53,1.15,1.86,2.91,4.22,-2.08,-3.56,-7.39,-11.22,-14.48,-17.99,-21.72,-24.79,1.7,[1.32:4.18],-0.65939387,9.87113268,32.08075744,-161.2287278,28.4484327,17.99556204
Buspirone,O=C1CC2(CCCC2)CC(=O)N1CCCCN3CCN(CC3)c4ncccn4,386.3,188.31,0.68,1.29,2.33,3.89,4.86,6.12,7.5,9.08,1.4,2,3,4.3,5.1,6.1,7.4,8.8,2.63,[2.59:2.67],59.29126762,-38.41435498,31.79158229,114.2618983,-214.3077695,168.3801918
Nitenpyram,CCN(Cc1ccc(Cl)nc1)\C(NC)=C\[N+]([O-])=O,271.1,157.38,0.19,0.51,1.06,1.78,2.33,3.38,4.4,5.81,-2.37,-4.35,-7.68,-11.01,-13.62,-15.96,-18.11,-19.83,-0.66,[-0.66:-0.62],21.31111529,-8.412070436,30.55041634,-216.0119391,211.8537643,-79.11256518
Dicrotophos,CO[P](=O)(OC)OC(/C)=C/C(=O)N(C)C,238.08,149.58,0.4,0.82,1.51,2.49,3.11,3.89,4.8,5.92,0.07,0.4,1.91,3.42,3.9,4.84,6.29,6.75,0,[-0.02:0.02],39.53202796,-32.66436003,29.56418742,14.33896869,104.1702049,-104.0631387
Diuron,CN(C)C(=O)Nc1ccc(Cl)c(Cl)c1,233.03,146.54,0.29,0.68,1.3,2.21,2.82,3.62,4.53,5.79,-3.05,-5.21,-9.22,-13.23,-15.59,-17.9,-22.5,-25.03,2.68,[2.65:2.68],31.79199195,-21.44789219,27.58409162,-290.4440316,421.4111514,-283.1626221
Fenhexamid,CC1(CCCCC1)C(=O)Nc2ccc(O)c(Cl)c2Cl,302.07,160.33,0.6,1.23,2.25,3.79,4.79,5.97,7.46,9.04,-2.26,-3.69,-6.64,-9.59,-11.47,-13.42,-15.59,-17.69,3.51,[3.51:3.57],55.29380953,-30.01723298,27.49163159,-204.4281438,269.3546826,-160.056383
6-Cl-MQOH,Cc1ccc2cc(Cl)cc(O)c2n1,194.04,139.83,0.1,-0.1,-0.3,0.1,0.58,1.3,2.35,3.8,-3,-7,-13.3,-20.7,-24.2,-27.2,-29.6,-30.7,2.74,[2.19:3.29],-13.90400659,29.36911346,26.24424619,-335.384073,140.2544291,146.9379651
Isoprocarb,CNC(=O)Oc1ccccc1C(C)C,194.12,140.4,-0.1,0.19,1.16,2.32,2.85,3.74,5.43,7.51,-4.05,-6.84,-10.03,-13.22,-13.07,-13.39,-12.41,-11.29,2.31,[2.31:2.35],15.21595232,15.23971833,26.08225071,-420.2765918,825.2342634,-447.5862866
Penconazole,CCCC(Cn1cncn1)c2ccc(Cl)cc2Cl,284.07,161.75,0.48,0.98,1.72,3.07,4,4.91,6.26,7.78,-1.1,-1.98,-2.93,-3.87,-4.22,-4.66,-5.21,-5.83,4.43,[3.83:5.03],42.57554983,-20.52548441,25.90805071,-118.8632772,241.6947903,-166.1662937
Xanthine,O=C1NC(=O)c2[nH]cnc2N1,153.1,129.64,-0.15,-0.98,-1.96,-2.7,-3.01,-3.17,-3.15,-2.89,-5.3,-9.8,-19.4,-32.4,-39.1,-46.02661129,-51.59434727,-54.52894719,-0.73,[-0.75:-0.71],-49.47541288,30.73055857,24.94567121,-414.4886748,-166.7920126,484.7048525
L-phenylalanine,N[C@@H](Cc1ccccc1)C(O)=O,166.1,136.06,-0.13,-0.65,-1.2,-1.48,-1.41,-1.08,-0.45,0.46,-4.05,-7.7,-14.9,-23.9,-28.8,-33.9,-38.9,-37.5,-1.38,[-1.41:-1.35],-36.97480167,38.44367293,24.39017848,-292.3380535,-232.2681106,506.8716903
Chloroxuron,CN(C)C(=O)Nc1ccc(Oc2ccc(Cl)cc2)cc1,291.09,174.19,0.78,1.59,2.87,4.8,6.07,7.61,9.27,11.14,-1.5,-2.7,-5.28,-7.86,-9.46,-10.94,-12.41,-13.59,3.7,[3.64:3.76],69.62352974,-30.87325917,22.27610389,-140.5828041,110.7843056,-19.78496161
Mexacarbate,CNC(=O)Oc1cc(C)c(N(C)C)c(C)c1,223.15,152.28,0.32,0.7,1.37,2.61,3.5,4.51,5.93,7.71,-2.29,-3.99,-5.26,-6.53,-6.28,-6.68,-5.69,-4.42,2.56,[2.54:2.58],28.34460582,1.658505023,21.97520734,-230.5255329,470.5697117,-253.4695839
Acetamiprid,CN(Cc1ccc(Cl)nc1)C(C)=NC#N,223.1,153.99,0.13,-0.09,-0.25,0.01,0.32,0.83,1.53,2.52,-1.1,-2.3,-5.8,-11.2,-14.7,-19,-23.6,-28,1.83,[1.41:2.17],-9.648769968,17.53262779,21.05698029,-59.01540182,-300.5807618,246.944541
Epoxiconazole,Fc1ccc(cc1)[C@@]2(Cn3cncn3)O[C@H]2c4ccccc4Cl,330.08,175.2,0.55,1.02,1.68,2.91,3.77,4.55,5.58,6.74,-0.94,-1.73,-2.9,-4.07,-4.72,-5.47,-6.44,-7.59,3.44,[3.43:3.45],44.5299236,-26.88953441,20.18772335,-101.2382905,175.2841176,-125.7534062
Flutriafol,OC(Cn1cncn1)(c2ccc(F)cc2)c3ccccc3F,302.11,165.52,0.3,0.66,1.25,2.27,3,3.86,4.92,6.34,-1.22,-2.22,-3.74,-5.27,-6.31,-7.61,-9.07,-10.77,2.29,[2.25:2.33],27.92173197,-6.614506487,20.12350263,-123.4208568,198.6015763,-148.3203914
Monocrotophos,CNC(=O)\C=C(/C)O[P](=O)(OC)OC,224.07,139.4,0,0.41,1.3,2.52,3.2,4.03,5.41,7.38,-1.93,-3.21,-7.6,-12,-15.66,-19.8,-24.4,-28.98,-0.2,[-0.22:-0.18],22.41763173,8.527180643,19.66752191,-147.3974274,-31.94665184,32.80021502
L-Isoleucine,CC[C@H](C)[C@H](N)C(O)=O,132.1,128.16,-0.4,-1.29,-2.37,-3.26,-3.52,-3.5,-3.19,-2.55,-5.15,-9.6,-18.4,-29.3,-35.2,-41.3,-47.3,-52.1,-1.72,[-1.75:-1.69],-68.72048219,64.23001363,19.5370048,-461.5038895,210.0834006,73.10551422
L-leucine,CC(C)C[C@H](N)C(O)=O,132.1,129.82,-0.42,-1.29,-2.36,-3.26,-3.51,-3.5,-3.19,-2.55,-5.15,-9.6,-18.4,-29.3,-35.2,-41.3,-47.3,-52.1,-1.52,[-1.56:-1.52],-68.83859625,64.94177156,18.74602668,-461.5038895,210.0834006,73.10551422
Cytidine,NC1=NC(=O)N(C=C1)[C@@H]2O[C@H](CO)[C@@H](O)[C@H]2O,244.1,149.2,0.1,0.14,0.33,0.9,1.39,2.05,2.91,4.22,-1.75,-3.6,-7.1,-11.2,-13.7,-16.3,-19,-21.3,-2.51,[-2.51:-2.48],2.603790295,14.44415745,18.45441486,-168.7869603,57.72496631,30.05087141
Tebufenpyrad,CCc1nn(C)c(C(=O)NCc2ccc(cc2)C(C)(C)C)c1Cl,334.17,183.25,0.5,1.15,2.23,3.84,4.82,5.68,6.54,8.23,-0.79,-1.5,-2.55,-3.6,-4.19,-4.91,-5.64,-6.49,4.61,[4.6:4.62],57.62085311,-33.80462738,18.16118548,-84.14195114,130.3521017,-84.873301
Thiophanate-methyl,COC(=O)NC(=S)Nc1ccccc1NC(=S)NC(=O)OC,343.05,173,0.58,1.21,2.25,3.78,4.8,6.18,7.63,9.26,-0.81,-1.54,-2.6,-3.67,-4,-3.65,-2.99,-2.09,1.4,[1.38:1.42],51.51158734,-15.54259104,16.9919575,-87.06133676,101.9191926,7.948167982
Myclobutanil,CCCCC(Cn1cncn1)(C#N)c2ccc(Cl)cc2,289.12,176.14,0.33,0.73,1.39,2.43,3.11,3.87,4.84,6.05,-1.33,-2.39,-3.88,-5.36,-5.99,-6.53,-7.05,-7.73,2.94,[2.93:2.95],32.93693721,-13.52124812,16.87884385,-141.5253569,243.980978,-143.817439
Forchlorfenuron,Clc1cc(NC(=O)Nc2ccccc2)ccn1,248.06,153.43,0.34,0.7,1.32,2.42,3.21,4.17,5.36,6.83,-1.89,-3.44,-6.94,-10.45,-12.94,-15.54,-17.97,-20.11,3.2,[3.16:3.24],28.09523825,-0.440470486,16.39641256,-167.8637181,82.3657491,5.569107077
Etaconazole,CCC1COC(Cn2cncn2)(O1)c3ccc(Cl)cc3Cl,328.06,171.72,0.4,0.87,1.6,2.79,3.59,4.49,5.74,7.02,-0.84,-1.54,-2.61,-3.68,-4.32,-5.03,-5.99,-7.17,3.1,[3.06:3.14],36.85734772,-10.84536267,15.86712521,-90.4988771,156.9163355,-116.7088353
L-tryptophan,N[C@@H](Cc1c[nH]c2ccccc12)C(O)=O,205.1,145.46,0.22,0.06,0.01,0.42,0.8,1.38,2.14,3.09,-2.8,-5.6,-11.2,-17.8,-21.5,-25.3,-29.1,-30.5,-1.05,[-1.07:-1],-3.220542075,16.60636055,15.7046193,-244.0015387,-33.57998423,209.5875124
Quinoxyfen,Fc1ccc(Oc2ccnc3cc(Cl)cc(Cl)c23)cc1,308.01,160.78,0.44,0.9,1.66,2.93,3.77,4.65,5.79,7.15,-1.17,-2.31,-4.93,-7.56,-9.55,-11.74,-14,-16.05,4.66,[4.64:4.68],39.50845384,-13.18098112,14.93276182,-107.2724645,17.89044886,18.85347827
Desomorphine,CN1CCC23C4CCCC2C1Cc5ccc(O)c(O4)c35,272,156.42,0.48,1.05,2.01,3.47,4.43,5.61,7.03,8.63,-0.8,-1.9,-4.4,-7.3,-8.7,-10.1,-11.1,-11.7,2.3,[1.29:3.31],45.1188546,-9.893313668,14.87922807,-82.08786393,-78.40323752,151.4395889
Morphine,CN1CC[C@]23[C@H]4Oc5c(O)ccc(C[C@@H]1[C@@H]2C=C[C@@H]4O)c35,286.1,160.19,0.33,0.75,1.46,2.52,3.23,4.15,5.25,6.52,-0.9,-2.2,-4.8,-8,-9.8,-11.5,-13.4,-15.1,0.89,[0.85:0.93],32.15322804,-7.082408965,14.52826091,-98.24999163,-35.12513023,86.90637557
Prednisolone,C[C@]12C[C@H](O)[C@H]3[C@@H](CCC4=CC(=O)C=C[C@]34C)[C@@H]1CC[C@]2(O)C(=O)CO,361.1,177.84,0.42,0.93,1.79,3,3.69,4.78,5.82,7.08,0.2,-0.3,-1.1,-1.7,-2.2,-2.4,-2.9,-3.7,1.62,[1.61:1.63],41.51679592,-15.84513322,14.17754414,-16.9934931,-14.66948497,16.78076813
Propiconazole,CCCC1COC(Cn2cncn2)(O1)c3ccc(Cl)cc3Cl,342.08,180.29,0.44,0.89,1.63,2.85,3.69,4.64,5.78,7.13,-0.77,-1.4,-2.24,-3.08,-3.55,-4.08,-4.75,-5.53,3.72,[3.68:3.72],37.88213625,-10.38764458,14.15919425,-81.61062348,148.5248252,-105.4960002
Norcodeine,COc1ccc2CC3NCCC45C(Oc1c24)C(O)C=CC35,286.1,166.2,0.32,0.75,1.47,2.52,3.24,4.15,5.26,6.52,-0.9,-2.2,-4.9,-7.9,-9.7,-11.5,-13.4,-15,0.69,[0.75:1.83],32.07782411,-6.457219937,13.80835309,-99.23460711,-30.59170295,83.16495372
Clofentezine,Clc1ccccc1c2nnc(nn2)c3ccccc3Cl,303.02,157.81,0.39,1.04,2.06,3.5,4.42,5.63,7.17,8.74,-1.64,-1.99,-3.61,-5.23,-6.34,-7.64,-9.05,-10.71,3.1,[3.09:3.11],44.125331,-6.279553471,13.06284143,-119.1203032,183.3118151,-134.7677498
6-F-MQOH,Cc1ccc2cc(F)cc(O)c2n1,178.07,129.26,0,-0.3,-0.8,-0.5,-0.03,0.7,1.75,3.2,-3.3,-7.4,-14.1,-22.2,-25.9,-29,-31.5,-32.7,2.22,[1.88:2.56],-30.16519942,57.67100104,12.49987169,-356.5845509,142.4348749,165.3708918
Methabenzthiazuron,CNC(=O)N(C)c1sc2ccccc2n1,222.07,139.7,0.33,0.66,1.15,2.25,3.17,4.31,5.73,7.38,-2.19,-3.88,-6.8,-9.71,-10.65,-11.25,-11.35,-11.03,2.64,[2.58:2.64],20.13030272,17.9899085,12.34836471,-222.77835,292.1534427,-84.75994695
Chlorfluazuron,Fc1cccc(F)c1C(=O)NC(=O)Nc2cc(Cl)c(Oc3ncc(cc3Cl)C(F)(F)F)c(Cl)c2,539.97,221.18,0.25,0.54,0.98,1.98,2.83,3.89,5.22,6.85,-0.1,-0.13,-0.76,-1.38,-1.79,-1.76,-1.73,-1.48,5.8,[5.77:5.83],15.38492631,21.04793145,11.73835428,-2.935802969,-70.48441066,90.16854164
Desipramine,CNCCCN1c2ccccc2CCc3ccccc13,267.2,157.26,0.43,0.96,1.87,3.31,4.33,5.6,7.11,8.88,-0.15,-0.8,-2.7,-5.2,-6.4,-7.5,-8.3,-8.5,4.9,[3.44:4.56],38.57394296,3.446702419,11.68529382,-12.89461372,-224.9675022,254.3309929
Epitestosterone,C[C@]12CC[C@H]3[C@@H](CCC4=CC(=O)CC[C@]34C)[C@@H]1CC[C@H]2O,289.1,162.18,0.28,0.84,1.73,2.96,3.78,4.82,6.09,7.59,-0.95,-2,-4,-5.7,-6.4,-6.9,-7.6,-8.1,3.32,[3.29:3.35],36.07591121,-2.645386212,11.51470476,-119.7592212,147.6462148,-54.72169318
Boscalid,Clc1ccc(cc1)c2ccccc2NC(=O)c3cccnc3Cl,343.04,175.16,0.41,0.89,1.71,2.96,3.76,4.72,5.89,7.21,-1.43,-2.61,-3.44,-4.27,-5.93,-6.82,-7.71,-8.19,2.96,[2.89:3.03],38.77259156,-8.976846984,11.23769219,-118.6207434,183.0295113,-110.498805
Oxazepam,OC1N=C(c2ccccc2)c3cc(Cl)ccc3NC1=O,287.1,160.75,0.34,0.84,1.67,2.96,3.88,5.01,6.41,8.05,-1.65,-3.4,-6.3,-8.7,-9.6,-9.8,-10,-9.1,2.24,[2.2:2.28],33.704141,4.420718057,11.21502566,-193.6698067,229.0959637,-33.82596379
Lamotrigine,Nc1nnc(c(N)n1)c2cccc(Cl)c2Cl,256,152.68,0.08,0.19,0.44,0.99,1.47,2.1,2.97,4.09,-1.3,-2.8,-5.8,-10,-12.7,-15.5,-18.4,-21,2.57,[2.5:2.57],4.169832294,16.64970798,11.08362252,-107.5542661,-98.22136005,131.6146901
Cimetidine,CN=C(NCCSCc1nc[nH]c1C)NC#N,253.1,158.25,0.19,0.41,0.88,1.78,2.47,3.47,4.66,6.19,-2.05,-4.1,-7.3,-9.8,-10.8,-11,-11.2,-10.5,0.31,[-0.09:0.71],12.52841201,20.71098758,10.81926987,-240.4618148,342.5209179,-115.4089116
Clenbuterol,CC(C)(C)NCC(O)c1cc(Cl)c(N)c(Cl)c1,277.1,159.38,0.62,1.4,2.66,4.57,5.87,7.32,9.06,11.04,-0.9,-2.1,-4.2,-6,-6.7,-6.8,-6.9,-6.1,1.11,[-0.6:2.71],59.47507691,-8.914043588,10.15730279,-114.3986227,84.79686141,43.89772063
Protriptyline,CNCCCC1c2ccccc2C=Cc3ccccc13,264,159.23,0.38,0.85,1.7,3.09,4.06,5.29,6.77,8.55,-1,-2.3,-5.1,-8,-9.4,-10.3,-11.1,-10.7,4.12,[3.75:4.49],33.46896004,9.464541968,9.790831837,-105.9610978,-46.63278993,164.0002153
L-Valine,CC(C)[C@H](N)C(O)=O,118.1,123.61,-0.65,-1.81,-3.23,-4.53,-4.99,-5.22,-5.04,-4.54,-5.9,-10.9,-20.9,-33.3,-40.1,-46.9,-51.1,-56.1,-2.26,[-2.26:-2.22],-94.68144356,92.88114459,9.782803536,-521.4388776,187.3084899,185.2503946
Sotalol,CC(C)NCC(O)c1ccc(N[S](C)(=O)=O)cc1,273.1,162.81,0.45,1.05,2.08,3.64,4.7,6.01,7.58,9.38,0.3,0,0.1,0.9,1.3,1.9,2.4,3.2,0.24,[0.24:0.31],43.29819813,2.46593916,8.885546157,-8.170853424,62.11551077,-37.96595923
Nortriptyline,CNCCC=C1c2ccccc2CCc3ccccc13,264,164.1,0.35,0.85,1.71,3.09,4.07,5.3,6.81,8.59,-0.4,-1.4,-3.1,-5.6,-7.1,-8.5,-9.9,-10.4,4.51,[4.48:4.54],32.97606039,11.24626365,8.700639849,-35.39199127,-162.3374799,189.5739104
Hexaconazole,CCCCC(O)(Cn1cncn1)c2ccc(Cl)cc2Cl,314.08,171.85,0.38,0.83,1.59,2.78,3.59,4.55,5.66,7,-0.84,-1.55,-2.66,-3.77,-4.35,-5.1,-6.04,-7.1,3.9,[3.87:3.93],34.87862751,-3.153224828,8.500823021,-90.33947997,150.8802127,-107.9022957
Sulfadiazine,Nc1ccc(cc1)[S](=O)(=O)Nc2ncccn2,251.1,153.36,0.05,0.29,0.68,1.39,2.03,2.87,3.97,5.38,-1.95,-3.9,-6.2,-7.7,-8.1,-7.8,-7.6,-5.3,-0.09,[-0.12:-0.06],6.565997543,24.67995846,8.499654985,-221.0385753,355.9311766,-120.5696647
(+)-Propoxyphene,CCC(=O)O[C@@](Cc1ccccc1)([C@H](C)CN(C)C)c2ccccc2,340.1,182.51,0.61,1.33,2.57,4.43,5.63,7.1,8.86,10.74,1.25,1.6,2.5,4.3,5.5,6.9,8.3,10,4.18,[4.15:4.21],56.35211036,-5.343145712,8.384672996,74.49967679,-69.57463546,55.5616951
Cotinine,CN1C(CCC1=O)c2cccnc2,177.1,140.48,-0.06,-0.48,-0.92,-0.99,-0.83,-0.51,0,0.82,-1.8,-3.5,-6.4,-10.3,-13,-16.4,-19.9,-23.3,0.07,[0.07:0.1],-30.14958661,42.76971824,8.315979711,-152.2856451,62.43955914,-31.41985583
Fluoxastrobin,CO\N=C(C1=NOCCO1)/c2ccccc2Oc3ncnc(Oc4ccccc4Cl)c3F,459.09,212.64,0.55,1.22,2.27,3.83,4.86,6.1,7.35,8.9,0.29,0.38,0.69,1,1.3,1.98,2.66,3.85,4.01,[3.17:4.8],52.51950175,-13.63528938,8.152298524,24.77109521,-58.37514344,73.46582943
Amitriptyline,CN(C)CCC=C1c2ccccc2CCc3ccccc13,278.1,162.31,0.54,1.23,2.4,4.23,5.46,6.99,8.77,10.84,-0.4,-1.1,-1.7,-0.6,0.1,1.5,2.7,4.4,4.92,[4.9:4.92],50.08855875,4.483470496,7.857215019,-98.64808257,295.4284038,-174.5072341
Zolpidem,CN(C)C(=O)Cc1n2cc(C)ccc2nc1c3ccc(C)cc3,308,176.17,0.33,0.86,1.79,3.25,4.2,5.39,6.81,8.64,-0.35,-1.1,-2.2,-2.5,-2.3,-1.1,-0.1,1.1,3.45,[3.16:3.74],35.62387287,8.320443204,7.735280901,-86.37275072,163.0135777,-45.20593727
Clonazepam,[O-][N+](=O)c1ccc2NC(=O)CN=C(c3ccccc3Cl)c2c1,316.1,171.42,0.04,0.47,1.01,1.77,2.5,3.15,4.3,5.53,-0.85,-2,-4.2,-6.8,-8.2,-9.7,-11.1,-12.2,2.41,[2.4:2.42],16.31398257,12.79196006,7.477294898,-89.78187999,-14.35901924,70.71571331
Hydramethylnon,CC1(C)CNC(=NC1)N\N=C(/C=C/c2ccc(cc2)C(F)(F)F)\C=C\c3ccc(cc3)C(F)(F)F,495.2,235.73,0.43,0.94,1.77,3.02,3.84,4.76,5.83,7.06,0.45,0.66,1.26,1.85,2.3,1.41,1.74,2.28,4.38,[2.33:6.43],40.9098566,-10.42278098,7.418463584,58.06888661,-126.5621789,85.37914779
Simetryn,CCNc1nc(NCC)nc(SC)n1,214.11,144.87,0.33,0.72,1.42,2.72,3.69,4.84,6.33,8.11,-1.77,-3.26,-6.19,-9.11,-10.55,-11.62,-12.21,-12.16,2.8,[2.77:2.83],25.54080419,19.06523126,7.405331336,-170.4435635,129.959354,27.68142247
Thiabendazole,[nH]1c2ccccc2nc1c3cscn3,202.04,135.57,0.06,-0.04,0,0.6,1.23,2.07,3.28,4.86,-4.37,-7.95,-14.73,-21.51,-24.94,-28.2,-30.38,-31.68,2.47,[2.43:2.51],-12.5293092,48.77989712,7.139147949,-422.3744357,407.7462224,-68.80823582
Aspartic Acid,N[C@@H](CC(O)=O)C(O)=O,134.1,124.97,-0.8,-2.07,-3.71,-5.49,-6.31,-6.91,-7.31,-7.41,-6.15,-11.4,-22.2,-36.2,-44.2,-52.2,-60.1,-67.3,-3.89,[-3.89:-3.81],-103.6684714,86.09279705,7.023934577,-531.7114037,134.0299225,161.247062
Sulfamethazine (Sulfadimidine),Cc1cc(C)nc(N[S](=O)(=O)c2ccc(N)cc2)n1,278.9,159.81,0.44,0.86,1.71,3.14,4.05,5.31,6.81,8.48,0.05,-0.4,-0.6,0.1,1.1,2.2,3.4,4.9,0.19,[0.14:0.24],33.9090777,10.56016397,6.853032003,-48.48812461,164.2880235,-83.48338552
Prazosin,COC1=C(C=C2C(=C1)C(=NC(=N2)N3CCN(CC3)C(=O)C4=CC=CO4)N)OCÊÊ,383.8,197.63,0.48,1.18,2.28,3.84,4.82,6.02,7.38,8.89,0.9,1.1,1.4,2.4,3,4.1,5.2,6.5,2.36,[1.31:3.41],51.2510491,-10.66933876,6.451289095,52.17956085,-86.8029397,87.860645
Diphenhydramine,CN(C)CCOC(c1ccccc1)c2ccccc2,256.2,162.08,0.57,1.19,2.31,4.18,5.41,6.96,8.78,10.89,-0.25,-1.1,-2.9,-4.2,-4.5,-4.3,-3.7,-2.2,3.27,[3.21:3.33],47.51028631,9.730379303,6.136310863,-57.33449301,-40.56971353,148.6982283
Buscopan,CCCC[N+]1(C)[C@H]2CC(C[C@H]1[C@@H]3O[C@H]23)OC(=O)C(CO)c4ccccc4,360.1,191.99,0.42,1.01,2,3.52,4.49,5.68,7.08,8.74,1.3,1.8,2.7,4.1,4.9,6,7.2,8.7,3.07,[2.72:3.42],42.48809364,1.037388553,5.634339729,99.58508672,-172.8209374,137.6966864
Flusilazole,C[Si](Cn1cncn1)(c2ccc(F)cc2)c3ccc(F)cc3,316.11,172.74,0.47,0.99,1.86,3.23,4.15,5.24,6.42,7.85,-0.73,-1.33,-2.09,-2.85,-3.13,-3.47,-3.93,-4.38,3.7,[3.63:3.77],41.43350824,-3.859683849,5.412771102,-79.45432501,149.4457201,-99.00841277
(+-)-Propanolol,CC(C)NCC(COC1=CC=CC2=CC=CC=C21)OÊÊ,260,162.5,0.42,0.98,1.96,3.54,4.63,5.99,7.65,9.56,-1.15,-2.5,-4.1,-4.6,-4.6,-3.4,-1.8,-0.2,3.48,[3.39:3.48],38.14616218,13.64643104,5.253420672,-168.0221074,329.984992,-132.2411311
Carboxin,CC1=C(SCCO1)C(=O)Nc2ccccc2,236.08,145.35,0.45,1.04,2.17,3.59,4.39,5.52,6.65,8,-2.9,-5.05,-9.22,-13.39,-15.2,-17.09,-18.1,-17.89,2.14,[2.1:2.18],48.71962887,-12.84921711,5.06872776,-266.3202617,251.7070133,-14.84114673
Zoxamide,CCC(C)(NC(=O)c1cc(Cl)c(C)c(Cl)c1)C(=O)CCl,336.03,167.43,0.6,1.32,2.45,4.24,5.41,6.63,8.14,9.81,-1.38,-2.39,-4.3,-6.22,-7.14,-8,-8.58,-8.9,3.76,[3.72:3.8],56.37012232,-10.05632046,5.005298626,-130.2424808,147.4304986,-42.7571344
Pencycuron,Clc1ccc(CN(C2CCCC2)C(=O)Nc3ccccc3)cc1,329.15,179.27,0.49,1.2,2.35,3.94,4.96,6.29,7.62,9.25,-0.85,-1.63,-3.7,-5.78,-6.87,-7.73,-8.6,-9.01,4.82,[4.73:4.82],51.78280792,-7.745553293,4.957220079,-82.44492151,0.662306721,68.56221112
Etodolac,CCc1cccc2c3CCOC(CC)(CC(O)=O)c3[nH]c12,288,168.83,0.53,1.28,2.45,4.2,5.49,6.85,8.56,10.44,-1,-2.2,-3.9,-4.5,-4.7,-3.9,-2.8,-1.2,4.88,[4.46:5.39],52.21940995,0.879505766,4.550787029,-140.6251348,235.7171901,-65.07878622
Isoproturon,CC(C)c1ccc(NC(=O)N(C)C)cc1,207.15,150.35,0.22,0.58,1.23,2.39,3.25,4.39,5.91,7.6,-2.16,-3.8,-7.19,-10.58,-12.37,-13.88,-15.02,-15.55,2.87,[2.67:2.71],18.30439037,27.66322844,4.483714103,-201.0040475,173.5333951,-8.851100568
Midazolam,Cc1ncc2CN=C(c3ccccc3F)c4cc(Cl)ccc4n12,326.1,172.96,0.46,1,1.98,3.53,4.5,5.74,7.15,8.83,-0.25,-1,-2.6,-5.4,-7,-8.2,-9.4,-9.8,2.44,[1.04:3.7],41.69873458,3.938004921,4.107125752,-8.326591979,-252.1512814,269.4805698
Tetraconazole,FC(F)C(F)(F)OCC(Cn1cncn1)c2ccc(Cl)cc2Cl,372.03,170.4,0.49,1.1,2.13,3.7,4.73,5.94,7.28,8.92,-0.74,-1.29,-2.01,-2.74,-2.91,-3.13,-3.37,-3.71,3.56,[3.54:3.58],46.68326753,-2.420478564,4.043115904,-80.13099815,156.3228826,-100.0808455
Secbumeton,CCNc1nc(NC(C)CC)nc(OC)n1,226.17,153.44,0.52,1.19,2.39,4.19,5.37,6.86,8.48,10.5,-1.39,-2.6,-5.18,-7.76,-8.79,-9.91,-10.37,-10.17,3.1,[2.77:3.43],49.79057067,4.940234307,4.022692514,-133.6382098,70.4453217,59.24178556
Lacosamide,COC[C@@H](NC(C)=O)C(=O)NCc1ccccc1,251.1,157.95,0.54,1.09,2.06,3.69,4.92,6.57,8.22,10.28,-2.2,-4.1,-6.5,-7.3,-7.4,-6,-3.7,-1.6,0.46,[-0.25:1.17],39.52801395,18.81448844,2.977166763,-272.7495135,550.9038139,-250.2678981
Tramadol,CN(C)C[C@H]1CCCC[C@@]1(C2=CC(=CC=C2)OC)OÊÊ,264.2,158.29,0.54,1.2,2.36,4.23,5.49,7.02,8.85,10.95,0.8,0.9,1.7,3.5,4.6,6,7.5,9.3,2.51,[2.51:2.54],47.78317905,12.05260455,2.9142553,33.48098899,30.77028945,-12.20604538
Oxymorphone,CN1CC[C@]23[C@H]4Oc5c(O)ccc(C[C@@H]1[C@]2(O)CCC4=O)c35,302.1,161.06,0.38,0.88,1.75,3.09,3.86,4.93,6.12,7.49,-0.95,-2.2,-4.2,-6.2,-7.5,-9.5,-11,-10.7,0.83,[0.78:0.88],37.25837848,1.121309827,2.902797584,-78.86709489,-53.89348718,117.2000314
Acebutolol,CCCC(=O)Nc1ccc(OCC(O)CNC(C)C)c(c1)C(C)=O,337,190,0.33,0.83,1.7,3.02,3.85,4.93,6.17,7.67,0.95,1.1,1.5,2.3,2.8,3.7,4.7,5.9,1.71,[1.66:1.76],34.41095982,6.508924775,2.730191137,61.02855551,-123.0207948,114.9543465
Pymetrozine,CC1=NNC(=O)N(C1)\N=C\c2cccnc2,218.11,149.28,0,-0.13,-0.2,0.09,0.47,1,1.8,2.79,-1.89,-3.4,-6.29,-9.18,-11.36,-14.06,-16.96,-19.98,-0.18,[-0.18:-0.11],-14.40349301,39.27483374,2.667037435,-176.3194127,202.0630996,-145.4352297
Propafenone,CCCNCC(O)COc1ccccc1C(=O)CCc2ccccc2,342.2,175.05,0.56,1.47,2.99,5.29,6.86,8.62,10.74,13.39,1.1,1.4,2.4,4.3,5.6,7.2,9.1,11.2,3.33,[2.55:4.11],60.90927818,11.62366134,2.498074466,62.49741669,-36.86704266,45.96122419
ranitidine,CNC(/NCCSCc1oc(CN(C)C)cc1)=C\[N+]([O-])=O,315.2,166.68,0.4,0.93,1.88,3.36,4.31,5.57,7.03,8.71,1.15,1.4,2.2,3.7,4.7,5.8,7.1,8.6,0.27,[0.24:0.3],37.34843761,10.43823082,2.43101694,70.33199204,-85.21366796,71.16516914
Dimethomorph,COc1ccc(cc1OC)C(=C\C(=O)N2CCOCC2)/c3ccc(Cl)cc3,388.13,193.58,0.38,0.86,1.68,2.93,3.78,4.86,6.06,7.44,-0.56,-1.11,-2.52,-3.92,-4.24,-4.26,-4.28,-3.88,2.68,[2.67:2.69],34.58709587,5.114869371,2.170092344,-65.12387138,28.62942382,49.00534859
Alprazolam,Cc1nnc2CN=C(c3ccccc3)c4cc(Cl)ccc4n12,309.1,170.4,0.32,0.94,1.95,3.4,4.3,5.53,6.96,8.59,0.4,0.2,-0.9,-2.8,-4.2,-5.9,-7.6,-9.2,2.12,[2.12:2.18],38.65945971,7.846566031,2.1471857,51.15373994,-308.9472245,237.7828939
Spiroxamine,CCCN(CC)CC1COC2(CCC(CC2)C(C)(C)C)O1,298.28,178.24,0.59,1.28,2.41,4.24,5.47,6.8,8.4,10.23,0.03,-0.07,0.52,1.11,1.96,2.93,4.29,5.89,4.62,[3.92:5.32],52.89360388,0.286523447,1.722772202,-10.32680212,71.30360499,-18.18734012
Prometon,COc1nc(NC(C)C)nc(NC(C)C)n1,226.17,152.45,0.54,1.24,2.41,4.23,5.45,6.95,8.57,10.56,-1.35,-2.52,-4.75,-6.99,-7.84,-8.42,-8.4,-8.05,2.99,[2.96:3.02],50.45342431,6.175011528,1.676434228,-136.5281259,117.1973726,21.94988955
Triadimefon,CC(C)(C)C(=O)C(Oc1ccc(Cl)cc1)n2cncn2,294.1,172.41,0.44,0.83,1.17,2.31,3.36,4.24,5.11,6.55,-1.05,-1.85,-3.06,-4.27,-4.86,-5.7,-6.54,-7.77,2.77,[2.74:2.8],26.47885554,10.16438422,1.484833161,-110.4100981,199.2819724,-143.1208181
Sulfamerazine,Cc1ccnc(N[S](=O)(=O)c2ccc(N)cc2)n1,265,156.29,0.28,0.69,1.45,2.68,3.53,4.64,6.03,7.6,-0.95,-2.1,-3.5,-3.6,-3.5,-1.9,-0.8,0.6,0.14,[0.11:0.17],25.37987234,19.8696734,1.313017384,-155.6987095,348.6302779,-174.7698088
Fentanyl,CCC(=O)N(C1CCN(CC1)CCc2ccccc2)c3ccccc3,337.2,186.77,0.59,1.46,2.88,4.99,6.39,7.95,9.78,11.97,0.9,1.1,1.9,3.8,4.9,6.5,8.2,10.1,4.05,[3.99:4.11],61.79954288,0.939472022,1.112839502,41.9585293,12.08503996,6.091976423
Haloperidol,OC1(CCN(CCCC(=O)c2ccc(F)cc2)CC1)c3ccc(Cl)cc3,376.1,191,0.34,0.81,1.65,2.93,3.72,4.75,5.93,7.32,1.25,1.7,2.4,3.6,4.3,5.2,6.3,7.6,4.3,[4.24:4.29],33.66201785,6.307646975,0.888643039,94.66469278,-178.0718784,143.4537799
Triadimenol,CC(C)(C)C(O)C(Oc1ccc(Cl)cc1)n2cncn2,296.14,171.43,0.29,0.8,1.56,2.87,3.76,4.65,6.06,7.48,-0.92,-1.68,-2.8,-3.92,-4.63,-5.54,-6.67,-8.07,3.103333333,[2.85:2.95],30.84112744,11.66487408,0.721365974,-97.35886618,172.6135458,-134.8429944
Spirotetramat,CCOC(=O)OC1=C(C(=O)NC12CCC(CC2)OC)C3=C(C=CC(=C3)C)CÊÊ,374.2,193.47,0.55,1.25,2.33,4.04,5.24,6.68,8.13,9.96,0.07,0.03,-0.16,-0.35,-0.6,-0.9,-1.19,-1.44,3.58,[2.65:4.51],49.92113995,3.380830879,0.445890019,7.856343729,-44.93006039,32.53799341
Sulpiride,CCN1CCCC1CNC(=O)c2cc(ccc2OC)[S](N)(=O)=O,342.1,185.45,0.35,0.87,1.76,3.08,3.9,4.98,6.18,7.59,1.3,1.8,2.5,3.8,4.6,5.6,6.7,8.1,0.57,[0.57:0.6],36.15459196,5.240160974,0.293958007,97.14856538,-176.1249539,140.9844892
Salicylic Acid,OC(=O)c1ccccc1O,139,120.55,-1.02,-1.8,-3.01,-4.69,-5.28,-5.65,-5.77,-5.66,-4.85,-8.8,-20.1,-29,-35,-40.91185691,-46.51998909,-51.87398925,2.26,[2.22:2.3],-93.21188366,89.20510335,0.181607006,-493.6831795,330.9810844,-29.34798119
Methoprotryne,COCCCNc1nc(NC(C)C)nc(SC)n1,272.15,159.68,0.57,1.28,2.52,4.41,5.66,7.15,8.82,10.81,-0.28,-0.54,-2.23,-3.92,-4.37,-5.23,-5.18,-4.79,2.82,[2.75:2.82],53.09700798,5.458004275,0.049066229,-18.73142157,-144.6051368,191.4181765
Tamoxifen,CC/C(c1ccccc1)=C(c2ccccc2)/c3ccc(OCCN(C)C)cc3,372.1,200.25,0.59,1.52,2.99,5.13,6.52,8.06,9.85,11.98,0.05,-0.5,-1.8,-3.1,-3.7,-3.8,-3.8,-2.4,6.24,[5.78:6.75],65.13755296,-2.881362591,-0.062517676,-2.944465829,-180.3917021,234.7084903
Ethirimol,CCCCC1=C(C)NC(=NC1=O)NCC,210.16,149.92,0.62,1.07,1.39,2.37,3.35,4.48,5.62,6.44,-3.33,-6.08,-11.11,-16.13,-18.63,-20.46,-22.29,-22.98,1.24,[0.62:1.86],31.60383252,4.646848913,-0.264729477,-330.4661014,357.2034901,-88.78655125
Diniconazole,CC(C)(C)C(O)\C(=C/c1ccc(Cl)cc1Cl)n2cncn2,326.08,171.73,0.21,0.52,1.07,2.14,2.96,3.97,5.3,6.84,-0.77,-1.45,-2.56,-3.67,-4.33,-5.11,-6.21,-7.35,4.3,[4.25:4.3],15.28915564,29.56586457,-0.278855384,-82.99798643,130.7602137,-96.81815954
Difenoconazole,CC1COC(Cn2cncn2)(O1)c3ccc(Oc4ccc(Cl)cc4)cc3Cl,406.07,201.15,0,0.25,0.85,2.13,2.99,3.81,5.51,7.55,-0.29,-0.65,-1.32,-1.99,-2.24,-2.53,-2.85,-3.24,4.3,[4.2:4.3],5.653426213,47.87506276,-0.30160354,-38.19625881,43.25318614,-18.77350504
Bufuralol,CCc1cccc2cc(oc12)C(O)CNC(C)(C)C,262,159.47,0.58,1.34,2.62,4.64,6.03,7.65,9.59,11.79,-0.8,-1.8,-3,-2.7,-2.2,-0.6,0.5,2.3,3.5,[3.01:3.43],53.27018851,12.99928864,-0.512255759,-141.2822129,342.7006987,-177.9897278
Diazepam,CN1C(=O)CN=C(c2ccccc2)c3cc(Cl)ccc13,285.1,163.41,0.36,0.9,1.79,3.19,4.2,5.39,6.86,8.5,-0.65,-1.6,-3.6,-6.3,-7.5,-8.5,-9.3,-9.5,2.82,[2.91:3.19],34.1885314,15.5183848,-0.599844846,-62.5409639,-101.1138685,167.635897
Indoxacarb,COC(=O)N(C(=O)N1CO[C@]2(Cc3cc(Cl)ccc3C2=N1)C(=O)OC)c4ccc(OC(F)(F)F)cc4,528.08,210.52,0.6,1.33,2.54,4.47,5.71,6.96,8.49,10.32,-1.62,-2.92,-5.42,-7.92,-8.54,-9.13,-8.72,-7.95,4.65,[4.55:4.65],57.1887907,-3.615470011,-0.659462259,-162.7887612,159.4177274,15.69584256
Lidocaine,CCN(CC)CC(=O)Nc1c(C)cccc1C,235.1,156.81,0.45,0.91,1.69,3.12,4.37,5.87,7.46,9.47,-0.95,-2.2,-2.4,-0.7,0.8,2.1,3.9,5.8,2.44,[2.33:2.37],28.9004811,30.58811218,-1.023525746,-173.0774833,561.4451853,-387.9144427
Hydrocodone,COc1ccc2C[C@@H]3[C@@H]4CCC(=O)[C@@H]5Oc1c2[C@]45CCN3C,300.2,167.88,0.36,0.85,1.72,3.08,3.93,5.03,6.28,7.76,-0.5,-1.4,-3.6,-6.4,-7.9,-9.4,-10.8,-11.7,1.72,[1.01:2.54],34.5368618,9.719633062,-1.045054102,-47.47379639,-150.2547545,183.7943224
Safranin O,Cc1cc2nc3cc(C)c(N)cc3[n+](c4ccccc4)c2cc1N,315.1,176.27,0.31,0.86,1.82,3.24,4.14,5.31,6.71,8.33,1.2,1.6,2.5,3.8,4.7,5.8,7.1,8.5,5.03,[4.4:5.66],34.79396505,13.8803097,-1.477234316,85.58582365,-133.8621352,108.7208999
O-Desmethyl-cis-tramadol HCL,CN(C)CC1CCCCC1(C2=CC(=CC=C2)O)OÊÊ,250.1,151.79,0.43,1,2.03,3.7,4.86,6.29,8.02,10.01,0.3,0.1,0.5,2,2.9,4.2,5.6,7.3,1.84,[1.34:2.34],37.81212318,22.26044726,-1.525892731,-14.8798029,126.9854028,-72.96499048
Fenamidone,CSC1=N[C@](C)(C(=O)N1Nc2ccccc2)c3ccccc3,312.12,171.35,0.44,1.04,2.04,3.56,4.57,5.82,7.25,8.84,-1.44,-2.62,-4.55,-6.49,-7.14,-7.56,-7.64,-7.43,2.75,[2.13:3.37],41.7798606,8.055296031,-1.582633114,-148.6909551,193.9566654,-55.86632332
Ipconazole,CC(C)C1CCC(C1(CN2C=NC=N2)O)CC3=CC=C(C=C3)ClÊÊ,334.17,167.66,0.6,1.38,2.72,4.75,6.08,7.68,9.51,11.6,0.25,0.42,0.51,0.6,0.54,0.3,-0.08,-0.55,4.21,[4.18:4.21],56.80818099,7.495965093,-1.822845693,25.06586956,-49.66194503,14.44218047
Fluoxetine,CNCCC(Oc1ccc(cc1)C(F)(F)F)c2ccccc2,310.1,177.32,0.62,1.38,2.66,4.62,5.91,7.42,9.14,11.07,-1,-1.8,-2.3,-1.7,-0.8,0.2,1.6,6,4.05,[4:4.1],56.97417293,3.497302969,-2.008565243,-98.82927044,192.7291776,-16.5976364
Fenpyroximate,Cn1nc(C)c(\C=N\OCc2ccc(cc2)C(=O)OC(C)(C)C)c1Oc3ccccc3,422.21,200.82,0.55,1.31,2.54,4.21,5.24,6.53,7.83,9.28,0.32,0.49,0.78,1.07,1.45,1.91,2.38,3.03,5.01,[4.97:5.01],57.05197152,-9.706816829,-2.318079612,25.47335598,-43.72898396,43.08966252
Noroxycodone HCL,COc1ccc2C[C@H]3NCC[C@@]45[C@@H](Oc1c24)C(=O)CC[C@@]35O,302.1,163.46,0.34,0.87,1.77,3.07,3.85,4.91,6.1,7.4,-0.7,-1.9,-3.9,-6.4,-7.8,-9.2,-10.8,-10.6,1.25,[0.64:1.86],36.0405848,6.322086465,-2.886196873,-63.52225077,-110.7350246,169.243642
Cycluron,CN(C)C(=O)NC1CCCCCCC1,199.18,143.91,0.42,1,2,3.67,4.82,6.21,7.93,9.87,-2.41,-4.21,-8.46,-12.72,-15.63,-18.47,-21.06,-23.28,2,[1.34:2.66],37.24640265,23.31708596,-3.342799267,-210.302923,115.3893139,10.15088112
Carfentrazone-ethyl,CCOC(=O)C(Cl)Cc1cc(N2N=C(C)N(C(F)F)C2=O)c(F)cc1Cl,412.04,177.99,0.28,0.7,1.4,2.56,3.33,4.01,4.68,5.97,-0.67,-0.97,-1.46,-1.96,-1.44,-0.9,-0.39,0.5,3.36,[3.33:3.39],30.94067857,3.116235422,-4.214753973,-71.73908446,155.4575176,-71.2764798
Fenazaquin,CC(C)(C)c1ccc(CCOc2ncnc3ccccc23)cc1,307.18,165.29,1,2.24,4.24,7.28,9.25,11.43,13.92,16.68,-0.09,-0.25,-1.15,-2.04,-2.63,-3.14,-3.5,-3.6,5.51,[3.09:4.16],94.50725193,-6.087324355,-4.291126963,-2.976881083,-99.01177714,107.8983698
Benzoylecgonine,CN1C2CCC1[C@H]([C@H](C2)OC(=O)c3ccccc3)C(O)=O,290.1,165.18,0.35,0.83,1.71,3.07,3.88,5.02,6.31,7.74,-0.5,-1.4,-3.2,-4.7,-5.3,-5.3,-5.2,-4.4,2.61,[2.08:3.18],33.03009243,14.29532386,-4.566528214,-74.06901278,5.311447566,94.10330277
Pirimicarb,CN(C)C(=O)Oc1nc(nc(C)c1C)N(C)C,239.15,146.02,0.33,0.8,1.67,3.11,4.13,5.45,6.94,8.79,0,-0.01,1.17,2.35,3.41,4.66,6.32,8.17,1.7,[1.65:1.7],28.45657927,28.51226357,-4.663171522,-8.323334224,121.7268377,-69.77019302
Naloxone,Oc1ccc2C[C@H]3N(CC[C@@]45[C@@H](Oc1c24)C(=O)CC[C@@]35O)CC=C,328.1,169.92,0.35,0.82,1.68,2.98,3.76,4.82,6.02,7.34,-0.45,-1.3,-2.2,-2,-1.6,-0.6,0.3,1.5,2.09,[2.04:2.09],33.28549074,11.07692635,-4.74191733,-99.84811921,237.8320312,-120.7240244
Prochloraz,CCCN(CCOc1c(Cl)cc(Cl)cc1Cl)C(=O)n2ccnc2,376.04,180.02,0.48,1,1.7,3.17,4.26,5.22,6.72,8.09,-0.29,-0.46,-1.23,-1.99,-2.58,-3.35,-4.1,-4.91,4.1,[4.04:4.11],35.4223097,14.96672496,-6.267170579,-20.54771912,-18.2624011,14.96588802
Methamphetamine,CN[C@@H](C)Cc1ccccc1,150,133.16,0.01,-0.21,-0.17,0.57,1.29,2.32,3.65,5.61,-3.55,-6.8,-12.7,-19.8,-23.3,-26.8,-29.9,-31.8,2.07,[2.03:2.11],-23.0753357,78.85629313,-6.763323852,-333.0671002,195.9659985,50.99127213
(+)-Methadone,CCC(=O)C(CC(C)N(C)C)(c1ccccc1)c2ccccc2,310.2,176.86,0.54,1.27,2.48,4.29,5.49,6.9,8.59,10.31,1.45,2,3.1,5,6.1,7.4,8.9,10.6,3.93,[3.92:3.94],50.98400932,10.62661163,-7.931439571,103.9865733,-144.7082305,109.2626785
Methamidophos,CO[P](N)(=O)SC,142.01,116.66,-0.93,-2.1,-3.67,-5.05,-5.47,-5.63,-5.28,-4.53,-6.76,-11.78,-20.97,-30.16,-35.23,-41.13,-46.79,-52.44,-0.8,[-0.8:-0.77],-114.8016658,133.9396612,-8.165487752,-653.3789021,875.5771313,-488.5191411
Testosterone,C[C@]12CC[C@H]3[C@@H](CCC4=CC(=O)CC[C@]34C)[C@@H]1CC[C@@H]2O,289.2,163.83,0.31,0.77,1.6,2.86,3.55,4.58,5.7,6.92,-0.85,-1.9,-4,-5.6,-6.4,-6.8,-7.6,-7.9,3.32,[3.29:3.35],30.98920674,13.76183539,-8.376483156,-112.8187218,122.5005906,-31.18501755
Temazepam,CN1C(=O)C(O)N=C(c2ccccc2)c3cc(Cl)ccc13,301.1,164.26,0.3,0.91,1.96,3.44,4.3,5.6,7.03,8.6,-0.7,-1.7,-3.5,-4.8,-5.1,-4.7,-3.5,-2.3,2.19,[2.19:2.23],36.17652107,19.07458894,-8.557584995,-102.5946024,90.99823092,53.04598353
phenyltoloxamine,CN(C)CCOc1ccccc1Cc2ccccc2,256.2,153.69,0.38,0.94,2.01,3.79,5.05,6.66,8.6,10.88,0.8,0.9,1.6,3.3,4.4,5.8,7.4,9.3,3.25,[2.14:4.29],32.36040826,41.37674004,-8.576045694,33.80279831,17.18126727,6.455873985
Mepronil,CC(C)Oc1cccc(NC(=O)c2ccccc2C)c1,270.15,167.68,0.42,1.09,2.22,3.86,4.94,6.34,7.84,9.58,-1.75,-3.03,-5.78,-8.52,-10.45,-12.63,-14.92,-17.2,3.66,[3.65:3.67],43.21643581,16.44110663,-8.602395606,-158.7616517,160.6337076,-92.30906252
Carbetamide,CCNC(=O)[C@H](C)OC(=O)Nc1ccccc1,237.12,155.76,0.26,0.67,1.4,2.79,3.8,4.92,6.42,8.22,-4.33,-7.59,-13.93,-20.27,-22.97,-25.29,-25.97,-27.3,1.3,[0.69:1.91],21.41977456,37.06211754,-8.825027391,-431.8089711,510.0900397,-145.7128978
Prometryne,CSc1nc(NC(C)C)nc(NC(C)C)n1,242.15,157.19,0.5,1.26,2.52,4.3,5.44,6.9,8.35,10.11,-0.98,-1.87,-3.59,-5.32,-6.1,-6.42,-6.74,-6.51,3.51,[3.51:3.53],52.1779396,7.862709882,-8.865130639,-100.3234969,78.41617218,20.56403488
Chlorprothixene,CN(C)CC\C=C/1c2ccccc2Sc3ccc(Cl)cc13,316.1,168.47,0.41,1.04,2.11,3.74,4.79,6.09,7.62,9.3,-0.1,-0.6,-1.4,-1.2,-0.7,0.4,1.3,2.8,5.18,[5.15:5.21],40.94482798,17.87530066,-9.020722688,-57.08467512,123.2057049,-30.34851336
Ametryn,CCNc1nc(NC(C)C)nc(SC)n1,228.13,151.92,0.44,1.15,2.38,4.04,5.07,6.37,7.67,9.29,-1.33,-2.49,-4.77,-7.06,-8.17,-8.76,-9.35,-9.18,2.98,[2.95:3.01],49.43249213,5.799704393,-9.26380718,-131.5611426,99.81030676,24.21887819
L-threonine,C[C@@H](O)[C@H](N)C(O)=O,120,122.42,-0.93,-2.39,-4.23,-6.08,-6.89,-7.48,-7.78,-7.73,-5.9,-10.9,-21.4,-35,-42.2,-49.53449499,-55.95411037,-60.47150192,-2.94,[-3.02:-2.86],-123.2185786,122.8602922,-9.38341737,-493.7567724,13.4557625,326.4993975
Progesterone,CC(=O)[C@H]1CC[C@H]2[C@@H]3CCC4=CC(=O)CC[C@]4(C)[C@H]3CC[C@]12C,315.2,172.02,0.21,0.65,1.42,2.53,3.19,4.1,5.13,6.3,-0.8,-1.8,-3.7,-5.6,-6.4,-6.8,-7.5,-7.8,3.87,[3.84:3.9],25.62754251,17.74302208,-9.977278622,-100.2927774,78.77151406,6.959483223
Mandipropamid,COC1=C(C=CC(=C1)CCNC(=O)C(C2=CC=C(C=C2)Cl)OCC#C)OCC#CÊÊ,412.14,196.28,0.69,1.6,2.99,5.14,6.62,8.36,10.11,12.19,0.1,0.09,-0.41,-0.92,-1.36,-2.02,-2.68,-3.44,2.85,[2.5:3.24],63.58932332,8.221516613,-10.06206562,11.8353363,-79.0003262,51.92593119
Azoxystrobin,CO\C=C(C(=O)OC)/c1ccccc1Oc2cc(Oc3ccccc3C#N)ncn2,404.13,203.24,0.66,1.65,3.14,5.46,7.03,8.77,10.78,13.03,0.06,0.03,0.23,0.43,0.83,1.5,2.17,3.19,2.5,[2.5:2.57],65.86160566,11.21678272,-10.06288252,-1.585971794,13.74657498,17.33602822
Pyracarbolid,CC1=C(CCCO1)C(=O)Nc2ccccc2,218.12,144.13,0.26,0.65,1.42,2.83,3.84,5.08,6.61,8.5,-3.19,-5.56,-9.07,-12.59,-13.52,-14.45,-14.53,-14.01,2.36,[2.13:2.59],20.24183014,41.86708951,-10.30990424,-320.3382981,493.4367927,-206.8859266
5-F-MQOH,Cc1ccc2c(F)ccc(O)c2n1,178.07,127.47,-0.2,-0.4,-0.5,-0.3,0.08,0.7,1.6,2.8,-3.8,-8.6,-15.4,-22.4,-25.1,-27.2,-28.3,-28.1,2.22,[1.88:2.56],-29.65877292,70.16035599,-10.62566578,-456.1428459,469.9953542,-50.68127602
Fenobucarb,CCC(C)c1ccccc1OC(=O)NC,208.13,145.57,0.09,0.7,1.57,2.86,3.78,5.06,6.35,8.18,-3.43,-5.89,-10.52,-15.15,-17.47,-19.2,-20.94,-23.89,2.78,[2.76:2.8],23.24902518,35.51084099,-10.94893858,-354.6132127,538.1052646,-302.7112864
"2,3-Methylenedioxyamphetamine (MDA)",CC(N)Cc1cccc2OCOc12,180.1,138.56,-0.19,-0.47,-0.7,-0.63,-0.34,0.14,0.83,1.83,-2.7,-5.3,-10.1,-16,-19.3,-22.8,-26.3,-29.3,0.89,[0.14:1.41],-32.4386547,67.23975893,-11.17186237,-253.6757636,126.7416372,17.38306402
Furathiocarb,CCCCOC(=O)N(C)SN(C)C(=O)Oc1cccc2CC(C)(C)Oc12,383.17,192.59,0.58,1.51,2.93,5.07,6.47,8.04,9.86,11.88,-0.43,-0.69,-0.1,0.5,1.75,2.75,4.65,6.56,4.7,[4.66:4.7],61.34000092,9.895506778,-11.33858709,-54.01092993,195.1402339,-99.07729828
Pyriproxyfen,CC(COc1ccc(Oc2ccccc2)cc1)Oc3ccccn3,322.15,186.24,0.15,0.72,1.73,3.09,3.93,5.05,6.18,7.87,-0.44,-0.78,-0.85,-0.91,-0.45,0.23,0.91,2.09,4.2,[3.7:4.7],29.78866925,24.51748543,-12.00352858,-52.01193394,126.5117064,-53.37916501
Terbutryne,CCNc1nc(NC(C)(C)C)nc(SC)n1,242.15,154.61,0.49,1.25,2.53,4.33,5.48,6.95,8.41,10.18,-1,-1.9,-3.64,-5.39,-6.19,-6.57,-6.95,-6.7,3.74,[3.54:3.58],51.44903385,11.86373747,-12.34909729,-100.6414563,75.5330828,23.09597836
Bifenazate,COc1ccc(cc1NNC(=O)OC(C)C)c2ccccc2,301.16,175.7,0.28,0.77,1.51,2.72,3.58,4.62,5.66,7.02,-1.14,-1.97,-4.03,-6.09,-7.48,-8.87,-10.3,-12.41,3.17,[2.47:3.87],27.56819845,22.14517456,-12.55040004,-111.7590635,117.1293541,-72.49191183
Clothianidin,CN=C(NCc1sc(Cl)nc1)N[N+]([O-])=O,250.02,151.57,0.29,0.65,1.27,2.56,3.55,4.62,6.08,7.67,-3.45,-6.01,-10.28,-14.54,-16.89,-19.46,-22.16,-24.9,1.13,[0.7:1.69],18.36741249,40.66116645,-13.27424544,-339.8107304,513.8187402,-311.5748894
Carisoprodol,CCCC(C)(COC(N)=O)COC(=O)NC(C)C,261.1,163.05,0.42,1,2.1,4,5.2,6.5,8.4,10.4,-2,-3.8,-6.9,-8.6,-9.1,-8.4,-7.9,-5.7,2.4,[2.07:2.73],37.91354276,33.40949721,-13.52113304,-236.4304254,365.6298574,-106.2500871
7-Me-MQOH,Cc1ccc2ccc(C)c(O)c2n1,174.09,128.85,-0.1,-0.1,0.2,0.9,1.59,2.6,3.96,5.7,-3.7,-7.1,-9.9,-10.9,-10.7,-10.1,-8.4,-6,2.35,[2.11:2.59],-16.40757405,75.09589023,-13.61969936,-440.5485368,973.0572223,-561.7768307
Verapamil,COc1ccc(CCN(C)CCCC(C#N)(C(C)C)c2ccc(OC)c(OC)c2)cc1OC,455.3,217.97,1.03,1.97,3.57,6.04,7.66,9.51,10.23,12.5,1.6,2.3,3.6,5.6,6.8,8.4,10.2,12.1,3.79,[3.75:3.83],87.58128586,-21.70902988,-13.84508801,119.6793254,-173.7525798,135.2417077
7-Cl-MQOH,Cc1ccc2ccc(Cl)c(O)c2n1,194.04,136.88,0,0,0.1,0.7,1.37,2.3,3.48,4.9,-3.7,-7.4,-11,-13,-13.2,-13.1,-11.8,-10.2,2.49,[1.77:3.18],-14.8923898,67.44643727,-13.85133428,-454.4956471,929.8730536,-516.0991869
Terbumeton,CCNc1nc(NC(C)(C)C)nc(OC)n1,226.17,150,0.46,1.24,2.55,4.38,5.55,7.09,8.63,10.48,-1.37,-2.56,-5.16,-7.76,-8.78,-9.59,-10.4,-10.29,3.1,[3.07:3.13],50.13368275,17.43758126,-14.4303747,-137.5560744,92.74079362,34.38541029
Flufenacet,CC(C)N(C(=O)COc1sc(nn1)C(F)(F)F)c2ccc(F)cc2,364.08,173.62,0.47,1.28,2.37,4.31,5.67,6.93,8.48,10.42,-2.2,-3.95,-8.32,-12.7,-14.91,-16.78,-18.33,-19.07,3.2,[3.17:3.23],48.82453883,19.13895455,-15.21652384,-205.965163,86.55468546,87.31534633
Quinidine,COc1ccc2nccc([C@H](O)[C@H]3C[C@@H]4CCN3C[C@@H]4C=C)c2c1,325.2,174.71,0.52,1.19,2.3,4,5.11,6.4,7.91,9.4,-0.55,-1.5,-3,-4,-4.2,-3,-2.3,-0.8,3.44,[3.4:3.48],46.78749124,15.02587565,-15.30769364,-97.8204277,120.250672,17.62835557
Pyrimethanil,Cc1cc(C)nc(Nc2ccccc2)n1,200.12,142.27,0.3,0.81,1.74,3.39,4.59,6.1,7.89,10.06,-2.29,-4.15,-5.11,-6.08,-5.69,-4.94,-3.56,-1.78,2.84,[2.84:2.87],24.69607772,51.06729053,-15.68876383,-250.3500303,559.0243369,-310.4032938
Monolinuron,CON(C)C(=O)Nc1ccc(Cl)cc1,215.06,142.02,0.01,0.14,0.48,1.32,2.05,3.07,4.36,5.94,-4.1,-6.71,-11.48,-16.25,-19.29,-22.52,-25.42,-28.23,2.3,[2.23:2.37],-6.367087866,64.4969947,-15.97282524,-366.5143678,507.5669988,-285.540228
Warfarin,CC(=O)CC(c1ccccc1)C2=C(O)Oc3ccccc3C2=O,309.1,168.89,0.35,1.13,2.43,4.2,5.32,6.91,8.68,10.55,-1.6,-3.4,-8.3,-11.5,-12.6,-12.8,-12.9,-11.5,2.7,[2.67:2.73],43.40848506,28.8035903,-16.07102318,-212.3884694,144.4588169,98.8237247
Buprofezin,CC(C)N1C(=O)N(CSC1=NC(C)(C)C)c2ccccc2,306.17,172.88,0.38,1.15,2.31,4.01,5.06,6.17,7.59,9.07,0.49,0.89,2.11,3.34,4.34,5.64,6.93,8.84,4.3,[4.26:4.3],47.27149799,12.3239729,-16.37621795,46.30090338,-21.7376619,30.98573734
Phenmedipham,COC(=O)Nc1cccc(OC(=O)Nc2cccc(C)c2)c1,301.12,170.59,0.49,1.34,2.47,4.32,5.6,6.86,8.12,9.87,-1.31,-2.15,-4.24,-6.33,-7.78,-9.37,-10.96,-12.28,3.59,[3.54:3.64],53.15021416,9.732600306,-16.38164962,-108.8734999,78.70458053,-24.31539346
Iprovalicarb,CC(C)OC(=O)N[C@H](C(C)C)C(=O)NC(C)c1ccc(C)cc1,321.22,184.97,0.5,1.3,2.57,4.46,5.71,7.28,8.93,10.79,-0.88,-1.49,-1.98,-2.47,-2.45,-1.75,-0.95,0.75,2.64,[2.06:3.22],50.35686523,21.12209838,-16.62410549,-83.06704575,138.818324,-23.52181874
Pamaquine,CCN(CC)CCCC(C)Nc1cc(OC)cc2cccnc12,316.2,173.78,0.52,1.2,2.35,4.11,5.27,6.67,8.38,9.96,1.45,2,3.1,4.9,6,7.3,8.7,10.4,4.24,[3.23:5.15],45.65802556,22.22174662,-17.12534841,105.0872834,-151.8098276,114.9373685
Salbutamol,CC(C)(C)NCC(O)c1ccc(O)c(CO)c1,240.1,152.36,0.49,1.1,2.21,4.07,5.33,6.83,8.59,10.57,-0.7,-1.8,-3.6,-5,-5.5,-5.3,-5,-3.5,1,[0.51:1.49],40.1028406,34.37119187,-17.27202534,-94.36600632,50.1283081,79.92553333
Metalaxyl,COCC(=O)N(C(C)C(=O)OC)c1c(C)cccc1C,280.16,155.72,0.43,1.15,2.43,4.31,5.53,7.15,8.92,10.94,-3.4,-5.82,-7.96,-10.09,-9.98,-10.47,-9.25,-7.87,1.68,[1.62:1.68],43.8651242,31.8531644,-17.36476374,-342.4954249,687.7673057,-373.4129408
monoxidil,C1CCN(CC1)C2=NC(=N)N(C(=C2)N)OÊÊ,210.1,143.03,0.02,0.11,0.39,1.12,1.76,2.54,3.57,4.87,-0.85,-2.1,-5.4,-9.8,-12.5,-15.3,-17.8,-19.9,1.24,[1.21:1.27],-5.466293558,56.30422758,-17.56875994,-62.69207792,-261.0552066,284.3097999
Flutolanil,CC(C)Oc1cccc(NC(=O)c2ccccc2C(F)(F)F)c1,324.13,169.04,0.5,1.26,2.54,4.49,5.76,7.25,8.89,10.82,-1.06,-1.77,-3.74,-5.71,-7.08,-8.66,-10.42,-12.28,3.7,[3.7:3.74],49.82434205,22.83628399,-17.93110678,-93.45276337,68.59284315,-40.08246466
Furalaxyl,COC(=O)C(C)N(C(=O)c1occc1)c2c(C)cccc2C,302.14,163.24,0.57,1.37,2.67,4.84,6.32,8.01,10,12.23,-3.02,-5.22,-8,-10.78,-11.3,-12.22,-11.29,-10.6,2.61,[2.58:2.64],50.83091709,32.47282847,-18.52687728,-301.2732812,507.4116872,-228.3416143
Cocaine,COC(=O)[C@H]1[C@H](CC2CCC1N2C)OC(=O)c3ccccc3,304.1,170.71,0.43,1.05,2.14,3.8,4.87,6.23,7.85,9.43,-0.25,-0.4,-0.3,0.5,1.2,2,3.2,6,2.3,[2.26:2.34],39.10115801,29.07570349,-19.4797703,-21.21072089,51.64073589,30.1159199
Normeperidine,CCOC(=O)C1(CCNCC1)c2ccccc2,234.1,154.13,0.4,0.91,1.9,3.59,4.72,6.11,7.72,9.6,-2.1,-4.2,-8.5,-13.8,-16.9,-20,-22.8,-25.2,1.44,[0.31:2.57],31.82248977,40.35353124,-19.5370369,-188.7690322,-9.785798423,124.4629982
Chlortoluron,CN(C)C(=O)Nc1ccc(C)c(Cl)c1,213.08,144.78,0.2,0.65,1.38,2.73,3.66,4.64,6.13,7.64,-2.99,-5.17,-9.57,-13.97,-16.43,-18.92,-20.99,-23.98,2.41,[2.38:2.41],19.77159202,42.85571384,-19.60760431,-294.5461736,377.2161191,-197.2561807
Amitraz,CN(C=Nc1ccc(C)cc1C)C=Nc2ccc(C)cc2C,294.2,177.58,0.43,1.14,2.37,4.1,5.22,6.67,8.12,9.84,0.26,0.41,1.33,2.25,3.13,4.07,5.37,7.03,5.5,[5.37:5.5],45.01255303,23.87435134,-20.01693424,20.98491904,14.85308095,10.77992613
Terbutaline,CC(C)(C)NCC(O)c1cc(O)cc(O)c1,226.1,151.34,0.44,1.07,2.2,4.07,5.35,6.86,8.64,10.69,-1.85,-3.8,-6.6,-8.4,-9,-8.6,-8.3,-6.6,0.9,[0.84:0.96],38.34703246,39.62336797,-20.04607337,-226.507621,348.0285605,-110.527524
Ritalinic Acid,OC(=O)C(C1CCCCN1)c2ccccc2,220.1,146.51,0.24,0.63,1.42,2.86,3.91,5.21,6.76,8.67,-2.95,-5.7,-10.1,-13.8,-15.2,-15.6,-16,-14.5,2.87,[2.3:3.56],17.45552964,53.97800409,-20.04997256,-323.7036771,421.403026,-104.1584876
Mepanipyrim,CC#Cc1cc(C)nc(Nc2ccccc2)n1,224.12,150.85,0.39,0.92,1.91,3.65,4.9,6.41,8.15,10.24,-1.56,-2.82,-3.34,-3.87,-3.4,-3.07,-2.14,-0.47,3.28,[3.23:3.33],29.93237962,48.26637799,-20.22983343,-164.0775608,366.0412015,-196.6766917
Clonidine,Clc1cccc(Cl)c1NC2=NCCN2,230,142.41,-0.08,-0.08,0.11,0.75,1.31,2.13,3.12,4.52,-2,-4,-8.4,-13.3,-15.5,-17.4,-18.9,-19.6,1.6,[1.59:1.65],-15.03935668,69.12685654,-20.44016295,-199.2851781,34.63680255,142.2358554
Ethylone,CCNC(C)C(=O)C1=CC2=C(C=C1)OCO2ÊÊ,222.1,148.92,0,0.02,0.27,1.04,1.71,2.59,3.74,5.21,-2.25,-4.5,-8.7,-13.1,-15.1,-16.5,-17.7,-17.9,1.81,[1.4:2.22],-11.26364168,69.46942372,-21.0476464,-235.1530043,164.7614714,47.35568239
Cyromazine,Nc1nc(N)nc(NC2CC2)n1,167.1,129.67,-0.06,-0.26,-0.24,0.36,0.97,1.88,3.06,4.64,-3.45,-6.5,-11.6,-15.9,-17.3,-17.8,-18.1,-16.9,0.8,[-0.34:1.94],-26.52119381,86.89378625,-21.198335,-381.6507882,530.6126372,-167.4147349
Gabapentin,NCC1(CCCCC1)CC(O)=O,172.1,133.29,0.01,-0.03,0.15,0.88,1.53,2.37,3.46,4.9,-3.85,-7.2,-13.3,-20.7,-24.4,-27.8,-30.8,-32.7,-1.1,[-1.18:-1.02],-13.73894368,70.94773771,-21.48673197,-356.5516414,230.813734,39.36287267
L-arginine,N[C@@H](CCCNC(N)=N)C(O)=O,175.2,129.15,0,0.04,0.36,1.29,2.11,3.19,4.66,6.46,-4.3,-8,-13,-16.8,-18.1,-18.6,-18.2,-16.3,-4.2,[-4.2:-4.03],-12.73450844,81.51474364,-21.93243549,-466.8032144,766.6100317,-326.1101845
Ephedrine,CN[C@@H](C)[C@H](O)c1ccccc1,166.1,133.43,-0.19,-0.51,-0.63,-0.24,0.28,1.11,2.29,3.86,-3.4,-6.5,-12.1,-17,-19,-20.4,-21.5,-21.4,1.01,[0.97:2.01],-38.67780532,98.75803238,-21.94102071,-371.4970109,451.4205661,-123.0005241
Fenoxycarb,CCOC(=O)NCCOc1ccc(Oc2ccccc2)cc1,302.14,179.4,0.17,0.73,1.65,3.07,3.98,5.02,6.44,7.97,-2.25,-3.28,-6.16,-9.05,-10.26,-11.65,-12.18,-13.64,4.3,[4.24:4.3],25.80306702,38.34260986,-21.98828292,-199.1707565,268.0792209,-124.1436962
Carbamazepine,NC(=O)N1c2ccccc2C=Cc3ccccc13,237.1,149.21,0.29,0.8,1.77,3.39,4.53,5.95,7.61,9.6,-1.9,-3.7,-7.7,-12.3,-14.6,-16.4,-18,-18.7,2.45,[2.09:2.83],25.48766202,51.20412747,-22.32983421,-177.7231376,5.190300521,149.9950863
Caffeine,Cn1cnc2N(C)C(=O)N(C)C(=O)c12,195.1,134.19,-0.32,-0.61,-0.81,-0.72,-0.44,0.06,0.61,1.79,-2.55,-4.6,-8.6,-14.7,-18.2,-22.1,-25.4,-28.5,-0.07,[-0.09:-0.07],-38.8761745,83.60758831,-22.44786586,-190.6233684,-39.55221152,134.8860342
Mevinphos,COC(=O)\C=C(/C)O[P](=O)(OC)OC,225.05,136.59,0.15,0.84,2.13,3.42,4.5,7.66,9.71,12.28,-4.73,-8.4,-14.12,-19.84,-21.5,-22.56,-22.23,-20.97,0.13,[0.11:0.15],14.76387399,88.13041484,-23.2404868,-480.8243799,677.0082272,-219.2160592
Mefenacet,CN(C(=O)COc1sc2ccccc2n1)c3ccccc3,299.09,166.42,0.37,1.06,2.15,3.96,5.2,6.52,8.12,10.01,-0.4,-0.68,-0.07,0.53,1.39,2.41,3.86,5.6,3.23,[3.2:3.26],38.32345285,37.45228769,-24.29918431,-46.88548003,169.400926,-87.38904204
Phenacetin,CCOc1ccc(NC(C)=O)cc1,180,140.43,-0.08,-0.3,-0.3,0.36,1.04,2.01,3.32,5.05,-3.6,-6.7,-12.5,-20.5,-25.3,-29.9,-34.4,-38.2,1.58,[1.55:1.61],-30.33241374,97.95582282,-24.9353797,-298.1393896,53.06064454,115.9214911
Metconazole,CC1(C)CCC(Cc2ccc(Cl)cc2)C1(O)Cn3cncn3,320.15,172.14,0.52,1.37,3.05,5.39,6.78,8.46,10.39,12.68,0.17,0.29,0.49,0.7,0.63,0.31,-0.13,-0.68,3.85,[3.82:3.88],58.28697223,29.47154165,-24.96269261,18.65217957,-21.17710219,-14.65828988
Tebuconazole,CC(C)(C)C(O)(CCc1ccc(Cl)cc1)Cn2cncn2,308.15,160.62,0.74,1.77,3.63,6.45,8.25,10.28,12.69,15.4,0.39,0.68,1.26,1.83,2.09,2.26,2.21,2.14,3.7,[3.68:3.72],71.63680648,31.56527361,-25.63177727,36.7798175,-33.06494599,-4.125753377
Rotenone,COc1cc2OC[C@H]3Oc4c5C[C@@H](Oc5ccc4C(=O)[C@H]3c2cc1OC)C(C)=C,395.15,197.34,0.58,1.1,1.99,3.62,4.8,6.1,7.55,8.98,-1.09,-2.21,-5.68,-9.14,-12.34,-14.45,-16.5,-19.11,4.1,[4.03:4.1],37.71267577,32.43174518,-26.00594767,-93.41650878,-128.6339863,168.1107903
L-glutamic acid,N[C@@H](CCC(O)=O)C(O)=O,148.1,127.37,-0.7,-1.63,-2.71,-3.67,-3.99,-4.02,-3.85,-3.32,-5.9,-11,-21.2,-34.4,-41.3,-47.6,-53.94852717,-57.7171726,-3.69,[-3.75:-3.63],-89.40173692,119.7574812,-26.08282565,-509.747286,97.69179082,268.1622919
Ethiprole,CC[S](=O)c1c(N)n(nc1C#N)c2c(Cl)cc(cc2Cl)C(F)(F)F,396.99,180.91,0.27,0.97,2.17,3.66,4.48,5.52,6.57,7.79,-1.34,-2.18,-4.22,-6.27,-7.44,-8.48,-9.52,-10.26,2.83,[1.98:3.68],42.02646397,17.55228509,-26.97673804,-117.6679884,106.5599568,-24.40119945
Pseudoephedrine,CN[C@@H](C)[C@@H](O)c1ccccc1,166.1,134.85,-0.19,-0.51,-0.68,-0.29,0.24,1.03,2.14,3.65,-3.4,-6.5,-12.1,-19,-21.9,-24.1,-25.8,-25.7,1.01,[0.97:2.01],-39.91803987,102.6239522,-27.16093187,-319.840361,157.9365684,142.9080695
Carbofuran,CNC(=O)Oc1cccc2CC(C)(C)Oc12,222.11,142.47,0.48,1.34,2.79,4.9,6.21,7.72,9.45,11.39,-3.65,-6.42,-13.27,-20.13,-23.95,-27.81,-31.03,-33.12,2.32,[1.89:2.05],53.90538664,27.83237877,-27.19316401,-327.1790952,151.0942529,88.7526478
Triflumizole,CCCOCC(=Nc1ccc(Cl)cc1C(F)(F)F)n2ccnc2,346.09,173.15,0.39,0.87,1.62,3.14,4.23,5.23,6.63,8.05,-0.65,-1.11,-2.24,-3.37,-4.36,-5.6,-7,-8.47,1.4,[1.4:1.49],28.006865,40.03808115,-27.6256484,-54.46909937,42.17262596,-40.65949559
Amphetamine,CC(N)Cc1ccccc1,136.1,130,-0.49,-1.12,-1.7,-1.93,-1.75,-1.25,-0.39,0.84,-4,-7.5,-13.9,-22,-26.5,-30.8,-34.6,-37.7,1.76,[1.75:1.77],-68.48526804,123.2239419,-28.86329705,-357.1535129,177.2243285,63.67303907
L-methionine,CSCC[C@H](N)C(O)=O,150.1,127.28,-0.66,-1.38,-2.15,-2.75,-2.79,-2.57,-2.03,-1.1,-4.85,-9.1,-17.9,-29.2,-35.1,-40.8,-46.3,-50,-1.87,[-1.94:-1.8],-78.91415916,123.4510236,-28.95173198,-419.9828706,45.60358775,244.8728117
Methoxyfenozide,COc1cccc(C(=O)NN(C(=O)c2cc(C)cc(C)c2)C(C)(C)C)c1C,369.22,193.1,0.49,1.17,2.33,4.16,5.4,6.82,8.18,9.95,-0.79,-1.31,-1.95,-2.59,-2.72,-2.97,-3.23,-3.42,3.7,[3.65:3.75],44.05613919,32.63622209,-29.52343656,-79.71674913,160.0081835,-103.4775047
Clethodim,CCSC(C)CC1CC(=O)C(C(=O)C1)C(/CC)=N/OC\C=C\Cl,360.14,193.51,-0.17,-0.17,0.05,0.53,0.93,1.63,2.38,3.48,-0.45,-0.69,-1.35,-2.02,-2.69,-3.41,-4.21,-5.03,4.52,[4.26:4.78],-17.49046978,71.41187102,-29.74469075,-32.7684112,22.18775098,-19.35608269
Spirodiclofen,CCC(C)(C)C(=O)OC1=C(C(=O)OC12CCCCC2)c3ccc(Cl)cc3Cl,411.11,190.31,0.35,1.09,2.41,4.15,5.19,6.56,7.96,9.54,-1.45,-2.16,-4.8,-7.44,-9.04,-10.75,-12.42,-13.87,4.65,[3.8:5.63],43.8139363,31.23558245,-31.26735458,-113.6314716,42.43839189,20.18121153
CRG2d,CC1CCCN1C(=O)C=C,140.1,121.9,0.6,0.9,1.9,4.4,5.53,6.7,8.27,10.6,-3.7,-7.7,-13.1,-21.8,-27.28,-32.9,-38.02,-42,-0.42,[-1.76:0.92],36.63285531,48.33541577,-31.30303301,-305.6042049,4.071396211,158.1648711
MQOH,Cc1ccc2ccccc2n1,160.08,125.75,-0.4,-0.6,-0.7,-0.4,0.06,0.8,1.89,3.4,-4.1,-9.4,-16.2,-22.3,-24.7,-26.2,-26,-25,2.59,[2.58:2.6],-43.70006637,109.3999992,-32.04756815,-515.9693066,663.6317322,-172.0733289
Etoxazole,CCOc1cc(ccc1C2COC(=N2)c3c(F)cccc3F)C(C)(C)C,360.19,185.73,0.57,1.38,2.72,4.82,6.24,7.91,9.58,11.56,-0.1,-0.22,0.09,0.4,1.07,2.14,3.21,4.81,3.76,[3.42:4.2],51.30905581,37.02853441,-33.01701232,-20.27285931,72.30154067,-11.19064455
L-histidine,N[C@@H](Cc1c[nH]cn1)C(O)=O,156.1,127.68,-0.49,-1.08,-1.62,-1.81,-1.65,-1.2,-0.39,0.74,-5.15,-9.6,-17.6,-25.9,-29.4,-32,-34.1,-34.6,-3.32,[-3.32:-1.22],-66.2471272,122.649288,-33.58678778,-523.7573217,545.2754817,-91.14432712
CRG4b,CNC(=O)/C=C/OC,116.1,116.07,0.3,0.9,1.7,3.8,5.29,7.1,9.31,12,-6.1,-13.5,-22.7,-34.6,-39.39,-43.7,-48.53,-54.9,-0.38,[-0.91:0.15],17.88665769,87.83977099,-33.69185321,-739.348653,998.5927026,-510.7923797
Cyprodinil,Cc1cc(nc(Nc2ccccc2)n1)C3CC3,226.14,151.36,0.45,0.95,1.93,3.5,4.68,6.42,7.92,9.71,-1.28,-2.36,-2.67,-2.99,-2.42,-1.57,-0.38,1.41,4,[3.96:4.04],27.97499619,57.10533286,-33.83338807,-143.68301,337.0196143,-175.7455497
7-F-MQOH,Cc1ccc2ccc(F)c(O)c2n1,178.07,128.01,-0.2,-0.4,-0.4,0,0.56,1.4,2.52,3.9,-4,-9,-15.4,-21.3,-23.4,-24.4,-24.3,-23.4,1.86,[1.29:2.45],-34.74721119,102.3133047,-34.21191864,-504.3555753,685.795545,-209.2450421
Cyproconazole,CC(C1CC1)C(O)(Cn2cncn2)c3ccc(Cl)cc3,292.12,166.83,0.44,1.12,2.39,4.45,5.86,7.47,9.13,11.39,-0.86,-1.58,-2.76,-3.94,-4.7,-5.63,-6.77,-8.1,2.9,[2.86:2.94],40.21771463,52.27321189,-34.80005265,-89.66766155,141.8896699,-107.10213
Carbendazim,COC(=O)Nc1[nH]c2ccccc2n1,192.08,135.72,0.3,0.9,2.02,3.74,4.92,6.58,8.36,10.33,-3.25,-5.77,-10.8,-15.84,-19.58,-23.39,-26.94,-30.07,1.52,[1.48:1.56],27.34557629,63.25433329,-35.02336459,-287.5562317,239.1241277,-83.1885858
Prothioconazole,OC(CN1NC=NC1=S)(Cc2ccccc2Cl)C3(Cl)CC3,344.04,165.83,0.39,0.93,1.83,3.32,4.36,5.56,6.76,8.12,-0.79,-1.38,-2.28,-3.18,-3.76,-4.46,-5.17,-5.87,2.49,[1.7:3.28],31.27366514,41.1940854,-35.0240615,-75.50271003,116.9799328,-77.00960649
Tapentadol,CC[C@H]([C@@H](C)CN(C)C)c1cccc(O)c1,222.1,148.12,0.33,0.86,1.89,3.75,5.08,6.69,8.61,10.84,0.2,-0.1,0.4,2.1,3.1,4.5,6.1,8,3.1,[3:3.19],23.92766083,71.95011144,-35.40095559,-27.7129898,173.5631741,-106.0158687
5-OMe-MQOH,COc1ccc(O)c2nc(C)ccc12,190.09,131.33,-0.1,-0.1,0.2,1.1,1.82,2.8,4.1,5.8,-3.7,-7.7,-12.6,-15.7,-16.6,-16.9,-15.3,-14.2,2.36,[2:2.72],-19.00902252,95.09643912,-35.82591087,-469.271006,838.9754652,-398.394339
Benzoximate,CCN(OC(=O)c1ccccc1)C(=O)c2c(OC)ccc(Cl)c2OC,364.08,183.71,0.44,1.08,1.87,3.89,5.37,6.19,7.83,9.65,-1.15,-1.9,-3.21,-4.52,-4.75,-4.32,-3.6,-2.1,2.86,[2.28:3.44],35.00663046,48.09383892,-36.84073923,-108.6222964,128.8605867,12.08429633
L-proline,OC(=O)[C@@H]1CCCN1,116.1,120.11,-1.19,-2.79,-4.76,-6.73,-7.57,-8.15,-8.38,-8.23,-5.95,-11,-21.7,-35.7,-43.2,-50.7,-58.2,-65.7,-2.54,[-2.56:-2.52],-147.0494453,172.5589581,-37.49274386,-529.1287858,167.9599432,126.7961302
Indoprofen,CC(C(O)=O)c1ccc(cc1)N2Cc3ccccc3C2=O,282.1,167.18,0.06,0.55,1.38,2.63,3.52,4.64,5.92,7.42,-0.5,-1.3,-1.8,-0.9,0,1.1,1.9,2.6,2.77,[2.76:2.78],13.8573873,62.22035273,-37.68051167,-118.3544285,379.1572888,-271.8334326
L-asparagine,N[C@@H](CC(N)=O)C(O)=O,133.1,125.08,-0.98,-2.25,-3.79,-5.29,-5.93,-6.36,-6.47,-6.3,-5.75,-10.7,-21.3,-35.3,-42.6,-48.7,-54.90087555,-57.53385038,-3.82,[-3.84:-3.8],-119.7074231,148.9092646,-38.25449588,-472.2708635,-108.5031431,486.2977704
5-Me-MQOH,Cc1ccc2c(C)ccc(O)c2n1,174.09,129.45,-0.2,-0.2,0,0.8,1.47,2.4,3.65,5.3,-3.7,-8.1,-13.7,-18.5,-19.9,-20.4,-20.4,-18.7,2.2,[1.72:2.68],-25.42909605,103.5111999,-40.1961651,-462.2525881,676.9276749,-232.6024924
L-lysine,NCCCC[C@H](N)C(O)=O,147.2,123.45,-0.39,-0.59,-0.6,-0.25,0.21,0.97,2.07,3.52,-5.45,-10.2,-17.1,-24.1,-27.1,-28.7,-30.1,-30.1,-3.05,[-3.18:-2.92],-42.9377894,115.0481953,-40.23381085,-570.7162982,796.6541785,-305.6823985
Thymine,CC1=CNC(=O)NC1=O,127.1,118.31,-0.86,-1.79,-2.73,-3.47,-3.81,-3.86,-3.55,-2.76,-5.1,-9.3,-16,-24.6,-27.2,-28.3,-29.8,-29.7,-0.62,[-0.64:-0.6],-95.6362137,143.2905335,-41.59926386,-515.2779521,598.5101594,-130.2547043
Acetaminophen,CC(=O)Nc1ccc(O)cc1,152.2,130.25,-0.56,-1.15,-1.7,-1.9,-1.63,-1.05,-0.09,1.21,-5.05,-9.2,-16.7,-27.1,-33.4,-39.6,-45.6,-51,0.46,[0.43:0.49],-73.2330287,141.9657876,-41.93270231,-418.6764648,164.8122374,63.0538195
Nicotinic acid (Niacin),C1=CC(=CN=C1)C(=O)OÊÊ,124.1,120.35,-1.06,-2.53,-4.31,-5.95,-6.58,-6.91,-6.92,-6.54,-6.65,-12,-20.9,-31.4,-37.6,-43.2,-48.69234587,-53.07758246,0.36,[0.3:0.42],-137.105017,174.4023103,-42.05488175,-608.845135,608.8238291,-207.860281
Picoxystrobin,CO/C=C(C(=O)OC)/c1ccccc1COc2cccc(n2)C(F)(F)F,368.11,175.01,0.44,1.25,2.55,4.56,5.9,7.4,8.89,10.74,0.37,0.82,2.15,3.47,4.5,5.95,7.41,9.45,3.7,[3.45:3.95],45.52402641,46.54935666,-43.84491667,40.41781172,2.606329597,14.74030413
L-glutamine,N[C@@H](CCC(N)=O)C(O)=O,147.1,126.96,-0.42,-0.61,-0.6,-0.26,0.21,0.98,2.06,3.52,-5.45,-10.2,-17.1,-24.2,-27,-28.8,-30.3,-30.2,-3.64,[-3.65:-3.63],-44.1922955,119.4838798,-44.05305279,-569.0915132,789.725641,-300.592014
Dimethoate,CNC(=O)CS[P](=S)(OC)OC,230.01,140.98,0.48,1.32,2.71,4.8,6.18,7.88,9.57,11.49,-3.62,-6.24,-11.89,-17.54,-21.09,-24.64,-27.9,-30.24,0.78,[0.74:0.82],47.2919343,50.54184965,-44.78270402,-320.7887282,264.8149348,-55.04010346
7-OMe-MQOH,COc1ccc2ccc(C)nc2c1O,190.09,131.9,-0.1,0,0.3,1.4,2.19,3.2,4.54,6.3,-2.5,-4.5,-5.8,-5.8,-5.3,-4.3,-2.8,-0.8,2.42,[1.94:2.9],-17.29130333,103.1886668,-45.52867997,-290.9294035,710.1084877,-433.1946233
6-OMe-MQOH,COc1cc(O)c2nc(C)ccc2c1,190.09,132.9,-0.1,-0.1,0.2,1.2,1.98,3,4.35,6.1,-3.4,-7.7,-13.6,-19,-20.8,-22.1,-22.5,-21.2,2.42,[1.94:2.9],-21.25027655,107.7591156,-46.1110569,-420.9523744,504.7387745,-98.07726568
Fenpropimorph,CC(CN1CC(C)OC(C)C1)Cc2ccc(cc2)C(C)(C)C,304.26,176,0.62,1.54,3.08,5.52,7.17,9.05,10.92,13.19,0.79,1.3,2.92,4.55,5.83,7.6,9.37,11.2,4.93,[4.88:4.98],56.06046036,52.6575037,-47.57496198,60.68102006,-8.321628633,9.323675171
Adenine,Nc1ncnc2nc[nH]c12,136.1,121.37,-0.79,-1.66,-2.64,-3.49,-3.75,-3.78,-3.57,-3.05,-6.2,-11.1,-19,-28.6,-33.7,-38.5,-42.8,-46,-0.07,[-0.47:-0.09],-93.09489854,142.627738,-48.30512245,-567.1544139,593.0454135,-193.956017
Ketorolac,OC(=O)C1CCn2c1ccc2C(=O)c3ccccc3,256.1,156.81,0.08,0.85,1.79,3.18,4.95,6.67,8.62,10.9,-1.55,-3.3,-7.1,-12.1,-14.7,-17.2,-19.5,-21,2.88,[2.66:3.1],11.83312559,101.176014,-51.55464158,-136.5840866,-118.1463255,217.8914372
Niacinamide (Nicotinamide),C1=CC(=CN=C1)C(=O)NÊÊ,123.1,123.23,-1.09,-2.52,-4.21,-5.76,-6.35,-6.66,-6.62,-6.22,-4.2,-7.4,-12.6,-21.3,-26.7,-32.1,-37,-41.3,-0.37,[-0.39:-0.35],-137.2668724,184.1898791,-52.25404106,-306.043728,38.81610368,117.9931229
Atenolol,CC(C)NCC(O)COc1ccc(CC(N)=O)cc1,267,154.37,0.86,2.08,4.35,8.01,10.42,13.3,16.58,20.32,-1.45,-3,-5,-5.3,-3.8,-1.7,0.3,3.1,0.16,[0.12:0.2],75.17380072,83.86923195,-54.74546703,-236.6819546,556.8061419,-281.2141079
Butoxycarboxim,CNC(=O)O\N=C(/C)C(C)[S](C)(=O)=O,223.08,141.54,0,0.33,1.12,2.74,3.83,4.74,6.39,8.33,-0.62,-0.61,-0.04,0.53,1.02,1.47,1.15,0.45,-0.11,[-0.53:0.31],2.406364681,97.0817861,-55.22977558,-62.01635271,277.5097091,-263.6686087
Famoxadon,CC1(OC(=O)N(Nc2ccccc2)C1=O)c3ccc(Oc4ccccc4)cc3,375.13,196.73,0.59,1.25,2.35,4.06,5.22,6.63,8.04,9.03,0.11,0.09,-0.16,-0.41,-0.7,-0.89,-1.09,-1.36,4.65,[4.63:4.67],41.23880463,50.6709946,-57.68527248,9.649288641,-54.89482314,44.263506
Melamine,Nc1nc(N)nc(N)n1,127.1,119.54,-0.87,-1.79,-2.77,-3.56,-3.73,-3.65,-3.25,-2.48,-4.9,-8.8,-15.9,-25.5,-30.3,-34.6,-38.3,-40.7,-1.37,[-1.42:-1.32],-101.9484705,166.4189209,-58.3635373,-420.0867887,213.614708,105.7858764
Dimoxystrobin,CNC(=O)C(=N/OC)\c1ccccc1COc2cc(C)ccc2C,327.17,179.21,0.18,0.73,1.93,3.7,4.95,6.96,8.74,11.03,-1.1,-1.79,-2.73,-3.67,-3.62,-3.15,-2.68,-1.8,1.95,[1.3:2.56],15.08426828,102.7595391,-59.25802185,-113.2455297,208.1157441,-87.22538438
6-Me-MQOH,Cc1cc(O)c2nc(C)ccc2c1,174.09,129.62,-0.2,-0.2,0.1,1,1.81,2.9,4.29,6,-3.8,-8.6,-14.4,-19.7,-21,-22,-21.5,-20.6,2.35,[2.11:2.59],-29.25504816,128.5838648,-60.44069862,-492.2468615,735.6794083,-274.2631791
Pyraclostrobin,CON(C(=O)OC)c1ccccc1COc2ccn(n2)c3ccc(Cl)cc3,388.11,186.27,0.3,0.98,2.16,4.03,5.29,6.78,8.27,10.06,0.42,0.76,1.89,3.02,4.06,5.32,6.57,8.54,3.99,[3.97:4.01],29.89817729,75.52811405,-60.70985703,38.64468213,-9.734400195,26.00112979
Propamocarb,CCCOC(=O)NCCCN(C)C,189.16,143.16,0.2,0.73,1.81,3.64,4.95,6.66,8.5,10.64,-0.1,-0.16,0.68,1.52,2.47,3.78,5.39,7.24,1.12,[1.07:1.17],14.1379214,104.4123292,-63.82128131,-19.25360106,119.4066466,-54.17686733
Pyridaben,CC(C)(C)N1N=CC(=C(Cl)C1=O)SCc2ccc(cc2)C(C)(C)C,365.15,191.33,0.2,1,2.42,4.36,5.54,7.08,8.62,10.42,-1.4,-2.38,-4.56,-6.75,-7.98,-8.94,-9.91,-10.5,6.37,[6.29:6.37],33.79468782,75.29801449,-64.50561745,-127.9312928,115.1851706,-18.60491624
CRG1b,C=CC(=O)Nc1ccccn1,149.1,123.99,-0.3,-1.1,-1.5,-1.1,-0.48,0.5,1.9,3.8,-5.4,-12.1,-20.4,-27,-28.92,-29.8,-29.63,-28.4,0.89,[0.41:1.52],-75.11267415,179.9205178,-64.65628401,-711.4716427,1140.688127,-491.8595078
Tolbutamide,CCCCNC(=O)N[S](=O)(=O)c1ccc(C)cc1,271.1,164.91,-0.07,0.47,1.38,2.66,3.77,5.35,6.94,8.7,-1.8,-3.5,-6.6,-9.6,-11.2,-12.5,-14.2,-15,2.34,[2.3:2.38],0.105314206,113.1107999,-68.25186483,-188.3832345,193.0731486,-56.01146375
Trifloxystrobin,CO\N=C(C(=O)OC)/c1ccccc1CO\N=C(/C)c2cccc(c2)C(F)(F)F,409.15,190.48,0.41,1.28,2.69,4.91,6.42,8.19,9.95,11.93,0.67,1.24,2.83,4.43,5.51,7.09,8.67,10.35,4.5,[4.45:4.5],40.11527571,82.8049963,-71.47106635,60.55267638,-15.16067137,9.960407803
Diclobutrazol,CC(C)(C)C(O)C(Cc1ccc(Cl)cc1Cl)n2cncn2,328.1,170.68,0.08,0.75,1.97,3.55,4.6,6.31,7.63,9.34,-0.82,-1.53,-2.63,-3.73,-4.33,-5.09,-6.02,-7.18,3.8,[3.78:3.82],18.11171052,94.94796455,-72.10949692,-89.67813431,151.6612793,-111.0169981
Thidiazuron,O=C(Nc1snnc1)Nc2ccccc2,221.05,147.29,0.44,1.13,2.43,4.49,5.8,7.14,8.48,10.06,-2.69,-4.85,-9.12,-13.39,-16.33,-19.59,-22.85,-26.1,1.77,[1.75:1.77],38.93559715,71.12870554,-72.64204253,-252.5074483,256.0618113,-134.267201
Ketoprofen,CC(C(O)=O)c1cccc(c1)C(=O)c2ccccc2,255.1,153.51,0.63,0.73,1.23,2.97,4.35,5.9,7.4,9.04,-1.6,-3.1,-4.6,-5,-5.2,-4.1,-3.2,-2.8,3.12,[3.08:3.16],6.774299329,111.4592693,-75.17142764,-214.1945547,499.1167935,-306.320541
Benalaxyl,COC(=O)C(C)N(C(=O)Cc1ccccc1)c2c(C)cccc2C,326.18,170.29,0.11,0.69,1.54,3.05,4.29,6.05,7.6,9.4,-1.97,-3.5,-6.17,-8.83,-9.83,-10.6,-10.65,-10.33,3.4,[3.37:3.43],5.724083692,115.4305394,-75.20851216,-194.0738824,228.9453628,-45.55815269
Selegiline,C[C@H](Cc1ccccc1)N(C)CC#C,188.1,139.81,0.23,0.69,1.79,3.94,5.51,7.41,9.67,12.3,-1.8,-3.5,-4.5,-3.9,-2.6,-0.1,1.7,3.8,2.9,[2.82:2.98],7.714202913,134.0806198,-75.59198619,-268.8870912,749.043825,-481.5106023
4-Aminobutyric acid (GABA),NCCCC(O)=O,104.1,118.27,-1.54,-3.1,-5,-6.9,-7.5,-7.9,-7.8,-7.2,-7.4,-13.4,-24.3,-37.2,-43.5,-50.1,-55.8,-61.1,-3.17,[-3.17:-3.1],-170.0357128,240.8573669,-77.66919135,-698.6910099,664.702547,-190.248998
Bupirimate,CCCCc1c(C)nc(NCC)nc1O[S](=O)(=O)N(C)C,317.17,178.73,0.13,0.87,2.22,4.13,5.34,6.92,8.5,10.31,-0.95,-1.84,-3.66,-5.48,-6.57,-7.45,-7.98,-8.23,2.7,[2.65:2.75],23.99056303,99.32097885,-79.97979249,-90.22008266,34.48671344,44.24276439
Methylhistamine,CNCCc1c[nH]cn1,126,120.67,-0.86,-1.72,-2.46,-2.71,-2.44,-1.79,-0.67,0.91,-5.45,-10.1,-18,-24.7,-27.2,-28.5,-29.7,-28.6,0.39,[-0.12:0.9],-107.1891267,215.880789,-82.11388631,-588.4900894,819.7842947,-287.712317
Aldicarb sulfone,CNC(=O)O\N=C\C(C)(C)[S](C)(=O)=O,223.08,140,-0.23,0.7,2.41,4.14,5.08,7.11,8.88,10.83,-1.25,-1.67,-0.71,0.25,1.88,2.6,3.94,6,-0.57,[-0.57:-0.53],17.61575414,115.0908056,-83.88342586,-113.9590482,405.9338958,-285.636545
Oxadixyl,COCC(=O)N(N1CCOC1=O)c2c(C)cccc2C,279.14,155.64,0.11,0.25,1.37,3.11,4.14,5.56,7.16,9.12,-0.83,-1.11,-3.02,-4.92,-7.56,-11.15,-16.17,-22.25,0.8,[0.77:0.83],-1.042453235,129.0697033,-84.94227887,-51.53019843,29.68891628,-174.017611
CRG2c,OC1CCN(C1)C(=O)C=C,142.1,121.79,0.3,0.7,1.6,3.5,4.61,5.8,7.12,8.6,-4.1,-8.4,-13.8,-21.5,-26.7,-32.4,-38,-42.9,-0.55,[-1.13:0.03],14.53820704,105.1249594,-87.3410809,-373.1444162,283.2444988,-111.472661
Vigabatrin,NC(CCC(O)=O)C=C,130,124.14,-0.99,-2.04,-3.04,-3.61,-3.57,-3.1,-2.2,-0.89,-6.45,-11.8,-21.6,-32.4,-37.2,-41,-44,-45.1,-2.16,[-2.22:-2.1],-122.7442798,228.6215522,-87.97201256,-625.6377481,578.1506296,-45.47558711
Butafenacil,CN1C(=O)N(C(=O)C=C1C(F)(F)F)c2ccc(Cl)c(c2)C(=O)OC(C)(C)C(=O)OCC=C,475.09,205.65,0.25,0.94,2.45,4.57,5.78,7.17,8.71,10.37,0.28,0.34,0.54,0.75,0.98,1.18,1.25,1.56,4.15,[4.08:4.22],31.67213559,94.54229724,-88.10894712,19.61014228,-33.03297957,23.89508115
Vamidothion,CNC(=O)C(C)SCCS[P](=O)(OC)OC,288.05,156.35,-0.05,0.5,1.53,3.36,4.6,6.07,7.75,9.63,-1.49,-2.63,-4.09,-5.55,-5.64,-5.65,-5.11,-3.89,1.03,[-0.34:2.36],-0.637043974,146.4883841,-104.7369992,-151.0204436,237.4014158,-76.06716781
CRG3b,C/C=C/C(=O)Nc1ccccc1,162.1,131.54,0.7,1,2.2,4,5.8,8,10.15,11.8,-4,-9.1,-16.9,-27.3,-33.28,-39.3,-44.84,-49.4,1.46,[1.25:1.65],14.5606555,143.1527251,-105.0712823,-398.7901362,71.01427973,173.2292864
Bitertanol,CC(C)(C)C(O)C(Oc1ccc(cc1)c2ccccc2)n3cncn3,338.19,191.72,-0.01,0.8,2.48,4.61,5.76,7.21,8.66,10.46,-0.5,-0.94,-1.62,-2.3,-2.67,-3.13,-3.68,-4.4,4.16,[4.12:4.2],25.39157753,116.2340217,-105.8388974,-55.26579845,93.29094141,-67.85682729
Histamine,NCCc1c[nH]cn1,111.8,115.73,-1.09,-2.46,-3.67,-4.1,-4.04,-3.55,-2.55,-1.06,-6.2,-11.4,-20.4,-28.3,-31.1,-32.8,-33.8,-33,-0.7,[-0.7:-0.05],-148.8666033,292.0511188,-127.5401544,-666.2136532,916.9897419,-315.5378522
Choline,C[N+](C)(C)CCO,104.1,111.94,-0.86,-1.51,-1.81,-1.27,-0.44,0.86,2.69,5.08,-6,-9,-14.1,-17.2,-15.9,-16.3,-15.4,-9.3,-0.38,[-0.51:-0.25],-108.1895746,282.1231468,-129.9715441,-554.5176337,1039.182669,-469.3227082
Meprobamate,CCCC(C)(COC(N)=O)COC(N)=O,219.1,143.16,0.22,0.83,1.78,3.56,5.38,7.2,8.94,10.44,-3.5,-6.5,-13.8,-22,-25.5,-27.7,-29.9,-29.7,0.7,[0.7:0.74],-3.027789669,189.8698945,-151.2631645,-327.2519024,30.51678715,296.4575838
Diethofencarb,CCOc1ccc(NC(=O)OC(C)C)cc1OCC,268.16,169.28,-1.02,-0.4,1.7,3.42,3.81,5.16,6.5,8,-0.45,-0.75,-2.29,-3.83,-5.08,-6.37,-7.1,-7.27,2.91,[2.88:2.94],-26.43870516,230.4805498,-190.5804723,-14.37415628,-161.1500762,178.8358443
CRG1a,CN(C(=O)C=C)c1ccccc1,162.1,129.08,0.4,1,2,3.5,4.99,6.6,7.71,7.7,-4,-8.3,-13.5,-26.3,-31.34,-34.6,-36.46,-37.3,1.68,[1.16:2.2],2.950288563,193.4946585,-195.7170686,-303.7067676,-270.638945,596.8507035
Kresoxim-methyl,CO\N=C(C(=O)OC)/c1ccccc1COc2ccccc2C,314.14,175.13,-0.64,0.11,2.3,4.92,6.15,7.74,9.34,11.56,-3.02,-4.79,-8.6,-12.4,-13.98,-14.69433883,-13.6621257,-9.723763702,3.4,[3.36:3.44],-13.41337186,260.3234911,-221.8666302,-228.8605788,84.44718502,230.824013
CRG3g,CNC(=O)\C=C\C,100.1,113.24,0.1,0.5,1.4,3.4,5.14,7.1,8.86,10,-6.6,-14.7,-25,-37.5,-44.88,-53.1,-62.18,-72.14,-0.22,[-0.75:0.31],-29.88964179,281.5336829,-231.4065459,-750.327682,918.0189635,-561.3485492
CRG4a,CNC(=O)/C=C/COC,130.1,122.23,0.1,0.5,1.5,3.4,4.79,6.2,7.26,7.6,-4.4,-10.1,-17.6,-26,-30.86,-36.1,-41.54,-47,-0.21,[-0.65:0.23],-21.00091404,260.8901221,-245.6418789,-516.2667967,592.6699678,-303.7346046
Teflubenzuron,Fc1cccc(F)c1C(=O)NC(=O)Nc2cc(Cl)c(F)c(Cl)c2F,380.98,169.28,-1.16,-0.65,1.24,3.34,4.2,5.5,6.79,8.38,0.07,-0.16,-0.88,-1.61,-2.16,-2.59,-3.01,-3.07,4.56,[4.5:4.56],-56.41855455,341.7815616,-284.521741,4.683782497,-104.403625,105.6975697
Fenuron,CN(C)C(=O)Nc1ccccc1,165.1,131.6,-0.93,-0.49,1.2,3.6,4.85,6.13,7.4,8.93,-4.31,-7.51,-14.32,-21.14,-24.46,-27.34,-29.34,-30.41,0.98,[0.98:1],-59.52361798,375.3598764,-319.7979526,-405.5063212,365.7437936,-29.1952688
